staSeq,hydroID,comment
14126,201496904,
14128,201493421,
14129,201495297,
14130,201494586,
14132,201489066,
14133,201489136,
14137,201492502,
14138,201495872,
14139,201495872,
14141,201487754,
14145,201493559,
14146,201496101,
14147,201488625,
14148,201491607,
14150,201497248,
14152,201489052,
14153,201493772,
14156,201496901,
14157,201496747,
14158,201492736,
14162,201494387,
14164,201494587,
14165,201493580,
14168,201496121,
14169,201496121,
14172,201496121,
14174,201494448,
14175,201491547,
14176,201491547,
14177,201491547,
14179,201491670,
14181,201493735,
14182,201493735,
14183,201494833,
14184,201496324,
14186,201496076,
14187,201494447,
14188,201493812,
14192,201490157,
14193,201495755,
14194,201496000,
14195,201496584,
14196,201496537,
14197,201491761,
14198,201491291,
14199,201488607,
14201,201497080,
14202,201497080,
14205,201487876,
14206,201486242,
14207,201484922,
14209,201495008,
14212,201494961,
14214,201486892,
14215,201487329,
14217,201491879,
14221,201495759,
14222,201494223,
14223,201494223,
14226,201494376,
14227,201495646,
14228,201494600,
14229,201495568,
14230,201495568,
14235,201490886,
14237,201490488,
14238,201489051,
14241,201489364,
14242,201489843,
14244,201490463,
14247,201490244,
14248,201495033,
14249,201490718,
14250,201490718,
14251,201491264,
14252,201491943,
14254,201491003,
14256,201491735,
14257,201491735,
14260,201492779,
14261,201492401,
14263,201492401,
14264,201489134,
14270,201489134,
14273,201496202,
14275,201486680,
14276,201486680,
14277,201491281,
14278,201491503,
14280,201495871,
14281,201492526,
14283,201489887,
14284,201494616,
14285,201494575,
14286,201493210,
14288,201493025,
14289,201495814,
14290,201495463,
14293,201497194,
14294,201490493,
14296,201490493,
14298,201496828,
14300,201495433,
14301,201495824,
14303,201487964,
14305,201485445,
14306,201485482,
14308,201495803,
14309,201495045,
14310,201495711,
14311,201491353,
14312,201491506,
14314,201489080,
14316,201493906,
14317,201495520,
14318,201496261,
14319,201492461,
14321,201493560,
14322,201493681,
14323,201494222,
14324,201494512,
14328,201494782,
14329,201494782,
14330,201494999,
14331,201494999,
14332,201495034,
14334,201495224,
14339,201496358,
14341,201491820,
14344,201491889,
14347,201491936,
14348,201492140,
14349,201490930,
14355,201494780,
14358,201497150,
14360,201496756,
14361,201497051,
14362,201496686,
14363,201496633,
14364,201496832,
14366,201496832,
14369,201496896,
14370,201496921,
14371,201497061,
14377,201495036,
14379,201493717,
14383,201492708,
14384,201492824,
14385,201492970,
14388,201492992,
14389,201493039,
14390,201492931,
14391,201492869,
14392,201492766,
14393,201492413,
14394,201496718,
14395,201496577,
14396,201493933,
14397,201491823,
14399,201493238,
14400,201493238,
14401,201493641,
14402,201492903,
14403,201494864,
14404,201495594,
14405,201495993,
14406,201496066,
14407,201496027,
14408,201496027,
14409,201496016,
14410,201485225,
14412,201487987,
14413,201494431,
14414,201495118,
14417,201493813,
14420,201494271,
14421,201494483,
14422,201494740,
14424,201493162,
14430,201488975,
14431,201497129,
14432,201497204,
14433,201492214,
14434,201490474,
14435,201488979,
14436,201491557,
14437,201491459,
14438,201491334,
14439,201490548,
14440,201493247,
14441,201492951,
14442,201489043,
14443,201496825,
14444,201496642,
14445,201496948,
14446,201489133,
14450,201495041,
14451,201490762,
14452,201497045,
14453,201495417,
14454,201494372,
14455,201494209,
14456,201494300,
14458,201496048,
14459,201489869,
14460,201489408,
14461,201489158,
14462,201496305,
14463,201496374,
14464,201496287,
14465,201488416,
14467,201496333,
14469,201489844,
14470,201489597,
14471,201494244,
14472,201494207,
14473,201494632,
14474,201495573,
14477,201496226,
14478,201492384,
14479,201491586,
14482,201491571,
14484,201489034,
14486,201496698,
14488,201494840,
14489,201496199,
14490,201495835,
14491,201495739,
14492,201489347,
14494,201492800,
14499,201490528,
14500,201495535,
14501,201492855,
14502,201491153,
14504,201489975,
14516,201491571,
14520,201490023,
14521,201490157,
14523,201490239,
14538,201494119,
14540,201494330,
14547,201493210,
14548,201493218,
14549,201493191,
14551,201495007,
14552,201493624,
14553,201496760,
14554,201496832,
14555,201496962,
14556,201497050,
14572,201494349,
14574,201493179,
14575,201493325,
14576,201493403,
14578,201493208,
14579,201493173,
14580,201487650,
14581,201487650,
14582,201490200,
14583,201487365,
14584,201488020,
14585,201490417,
14586,201490629,
14587,201490963,
14588,201487571,
14589,201487997,
14590,201487996,
14591,201489327,
14592,201489447,
14593,201487907,
14594,201489751,
14595,201489444,
14596,201491479,
14597,201491832,
14598,201491478,
14599,201487804,
14600,201489565,
14601,201491977,
14602,201490979,
14605,201493812,
14606,201487213,
14609,201486936,
14612,201488777,
14627,201491541,
14628,201494372,
14652,201495513,
14656,201487329,
14667,201496958,
14668,201496907,
14669,201485876,
14679,201490933,
14686,201489132,
14687,201489143,
14688,201489065,
14693,201492627,
14706,201494055,
14708,201487365,
14710,201493549,
14711,201495550,
14712,201495550,
14713,201489398,
14714,201494999,
14715,201494999,
14716,201494209,
14718,201491159,
14719,201493112,
14720,201492935,
14721,201493578,
14722,201493826,
14723,201495177,
14724,201493592,
14725,201493655,
14726,201496286,
14727,201494497,
14728,201495174,
14729,201495016,
14730,201495358,
14731,201493122,
14732,201492953,
14733,201493830,
14734,201492335,
14735,201492476,
14736,201492562,
14738,201492694,
14739,201492324,
14740,NA,drains outside CT
14741,NA,drains outside CT
14763,201493290,
14773,201494955,
14774,201495206,
14776,201496267,
14778,201496206,
14779,201496256,
14780,201496333,
14783,201496438,
14784,201496288,
14785,201495502,
14790,201495550,
14792,201495150,
14799,201494161,
14800,201494013,
14804,201491115,
14813,201489083,
14819,201490167,
14820,201489951,
14821,201490016,
14825,201493244,
14826,201490718,
14827,201490718,
14828,201491672,
14839,201487691,
14840,201488932,
14841,201490922,
14842,201489763,
14843,201488861,
14844,201493171,
14845,201493961,
14846,201495052,
14848,201494782,
14849,201496298,
14850,201495886,
14851,201497218,
14852,201496671,
14853,201496896,
14854,201496074,
14856,201495357,
14857,201494722,
14858,201491701,
14859,201493477,
14860,201494127,
14861,201494339,
14862,201492616,
14863,201484795,
14865,201488696,
14866,201486633,
14870,201494563,
14878,201487805,
14879,201490672,
14880,201488953,
14885,201492931,
14888,201489847,
14923,201493343,
14967,201494189,
14968,201494170,
14969,201494164,
14971,201493846,
14982,201494373,
14983,201491557,
14984,201492749,
14996,201487339,
14997,201487925,
14998,201486346,
14999,201486380,
15000,201490054,
15001,201489107,
15002,201488079,
15003,201487666,
15004,201492291,
15005,201492351,
15006,201490199,
15007,201490302,
15008,201489501,
15009,201493928,
15010,201492873,
15011,201491385,
15012,201495076,
15013,201495433,
15014,201494591,
15015,201493547,
15016,NA,drains outside CT
15017,201496073,
15018,201495387,
15020,201494447,
15022,201496789,
15023,201496352,
15024,201493990,
15025,201495480,
15035,201492341,
15042,201491265,
15043,201491966,
15044,201492773,
15045,201492470,
15046,201488403,
15047,201489051,
15048,201489051,
15051,201487564,
15057,201489143,
15058,201489143,
15062,201492372,
15063,201492328,
15065,201496352,
15066,201493232,
15067,201495865,
15079,201496832,
15081,201496921,
15087,201495854,
15091,201489056,
15092,201488927,
15093,201489235,
15094,201490519,
15100,201489987,
15102,201496420,
15104,201490256,
15105,201489952,
15110,201497232,
15111,201497164,
15115,201493453,
15121,201496607,
15124,201489520,
15125,201494741,
15128,201494380,
15132,201494878,
15135,201494497,
15136,201494297,
15138,201492718,
15148,201494164,
15151,201486818,
15157,201495720,
15162,201495280,
15164,201491966,
15165,201490385,
15166,201491183,
15169,201491654,
15170,201488821,
15171,201488786,
15172,201488054,
15176,201489845,
15177,201495503,
15179,201494064,
15184,201492214,
15193,201494751,
15195,201494272,
15197,201494148,
15201,201494038,
15205,201489530,
15209,201490647,
15210,201490737,
15215,201491415,
15217,201491470,
15220,201488389,
15221,201487608,
15225,201495006,
15236,201494848,
15237,201494892,
15239,201497182,
15240,201487872,
15241,201492214,
15243,201491618,
15244,201493407,
15246,201491966,
15248,201487827,
15250,201492833,
15252,201493273,
15253,201492360,
15254,201491795,
15262,201494633,
15265,201489459,
15266,201496596,
15269,201495150,
15270,201492799,
15271,201495824,
15274,201495851,
15276,201494297,
15284,201496776,
15294,201496921,
15299,201486380,
15301,201489553,
15302,201489553,
15303,201489553,
15304,201489553,
15306,201489732,
15307,201487807,
15308,201489143,
15309,201489143,
15312,201494645,
15313,201493809,
15315,201494065,
15316,201489087,
15319,201490889,
15333,201492832,
15334,201492600,
15341,201493208,
15346,201493423,
15348,201493365,
15353,201493383,
15357,201496958,
15360,201496871,
15364,201496923,
15370,201496890,
15374,201496765,
15375,201496904,
15380,201496795,
15386,201489256,
15390,201488660,
15392,201487667,
15394,201488458,
15396,201497045,
15397,201497045,
15406,201492710,
15407,201492710,
15408,201492710,
15409,201492710,
15411,201493035,
15413,201493424,
15414,201493424,
15426,201495886,
15479,201493770,
15480,201492497,
15499,201489026,
15501,201494614,
15505,201488953,
15506,201491824,
15507,201492072,
15508,201490873,
15509,201492296,
15510,201493153,
15511,201492637,
15512,201488301,
15513,201492400,
15514,201492526,
15515,201489853,
15516,201487873,
15517,201495280,
15518,201494732,
15519,201493867,
15520,201487754,
15522,201490629,
15523,201493398,
15528,201489041,
15529,201493447,
15530,201494779,
15531,201492679,
15532,201493741,
15540,201495005,
15543,201492270,
15551,201487659,
15553,201495770,
15554,201489944,
15555,201489965,
15558,201487807,
15567,201492270,
15570,201490308,
15571,201490704,
15574,201486825,
15575,201495741,
15576,201495834,
15577,201495881,
15579,201495510,
15580,201495161,
15581,201495754,
15583,201494575,
15592,201490748,
15664,201496461,
15670,201496333,
15678,201488629,
15679,201488869,
15680,201489441,
15682,201491442,
15689,201493910,
15699,201490893,
15700,201490887,
15701,201491012,
15702,201488833,
15703,201488899,
15704,201488721,
15707,201496121,
15710,201490552,
15711,201489524,
15713,201487411,
15714,201489354,
15715,201489354,
15716,201489353,
15717,201487787,
15718,201487681,
15719,201488882,
15720,201488837,
15726,201488055,
15730,201496324,
15736,201489056,
15742,201487836,
15747,201488077,
15748,201488417,
15749,201489553,
15752,201489553,
15754,201493841,
15755,201494270,
15756,201495016,
15761,201493952,
15763,201496121,
15768,201489951,
15772,201492799,
15776,201487985,
15783,201489732,
15786,201489775,
15792,201489173,
15794,201490353,
15795,201490512,
15796,201492977,
15801,201488787,
15816,201495859,
15818,201495187,
15821,201494426,
15822,201494976,
15825,201489809,
15826,201496871,
15828,201496962,
15837,201490703,
15839,201496121,
15844,201489172,
15853,201489844,
15854,201495523,
15855,201495256,
15856,201493949,
15857,201496934,
15858,201496831,
15859,201496485,
15860,201491669,
15877,201486824,
15882,201491884,
15886,201494368,
15887,201493549,
15889,201492093,
15890,201495679,
15892,201491517,
15893,201495985,
15901,201495357,
15955,201494303,
15964,201491415,
15965,201492658,
15966,201489684,
15969,201491265,
15970,201490969,
15971,201490927,
15976,201495129,
15977,201496300,
15978,201495184,
15985,201491151,
15986,201495170,
15987,201494845,
15988,201488553,
15989,201487410,
15990,201489120,
15991,201490256,
15992,201487752,
15993,201492618,
15994,201496076,
15995,201496167,
15996,201494942,
15997,201495161,
15998,201495161,
15999,201496532,
16000,201497038,
16001,201497005,
16002,201497249,
16003,201491449,
16004,201491398,
16013,201490448,
16014,201490405,
16015,201489149,
16022,201494535,
16023,201495184,
16025,201497038,
16028,201491526,
16029,201496286,
16035,201491345,
16042,201495859,
16043,201495814,
16044,201495396,
16045,201496918,
16046,201491359,
16047,201491359,
16048,201491359,
16049,201492438,
16050,201492329,
16061,201488457,
16062,201489684,
16063,201492403,
16064,201496612,
16065,201492073,
16066,201489300,
16067,201491009,
16068,201494594,
16069,201489034,
16070,201493933,
16071,201490463,
16072,201493126,
16073,201496419,
16074,201491866,
16075,201490043,
16076,201492784,
16077,201494464,
16078,201493051,
16079,201492977,
16080,201488641,
16081,201489252,
16082,201491410,
16083,201496123,
16088,201486031,
16089,201489944,
16090,201491153,
16095,201496066,
16103,201492094,
16106,201487443,
16107,201486856,
16108,201488530,
16109,201488230,
16110,201492240,
16111,201494547,
16112,201494712,
16113,201494629,
16114,201489974,
16116,201489446,
16117,201489228,
16118,201492352,
16119,201493154,
16120,201493694,
16121,201493246,
16122,201493654,
16123,201493893,
16124,201490398,
16125,201489820,
16126,201490600,
16127,201490956,
16128,201489426,
16129,201494989,
16130,201495814,
16131,201495725,
16132,201494724,
16133,201495315,
16134,201495026,
16135,201495669,
16136,201496082,
16137,201496531,
16138,201496249,
16139,201490357,
16140,201496858,
16141,201496673,
16142,201496574,
16143,201496681,
16144,201496625,
16145,201497254,
16146,201497230,
16159,201487635,
16160,201487635,
16174,201487662,
16175,201497050,
16176,201495315,
16177,201493232,
16178,201495910,
16179,201495721,
16191,201490289,
16192,201493122,
16193,201495621,
16194,201496115,
16195,201495796,
16196,201495855,
16197,201493365,
16202,201493624,
16204,201493944,
16205,201497068,
16207,201485785,
16221,201492021,
16225,201489095,
16228,201489241,
16239,201490353,
16240,201496352,
16242,201487459,
16243,201486563,
16246,201485363,
16254,201493868,
16258,201488988,
16259,201496817,
16260,201496713,
16261,201496713,
16262,201496629,
16265,201491550,
16266,201490223,
16268,201496520,
16269,201493799,
16270,201487290,
16271,201487277,
16272,201488476,
16273,201495968,
16274,201494249,
16275,201497178,
16276,201494100,
16277,201493355,
16278,201486765,
16280,201490975,
16281,201495523,
16283,201489837,
16284,201490120,
16285,201496182,
16286,201493435,
16287,201497030,
16288,201487443,
16289,201490815,
16290,201492292,
16291,201488778,
16292,201492397,
16293,201492665,
16294,201493477,
16295,201494812,
16296,201495455,
16297,201493355,
16298,201493599,
16299,201494104,
16300,201490315,
16301,201492869,
16302,201487802,
16303,201489745,
16304,201488745,
16305,201490517,
16306,201492867,
16307,201493840,
16308,201488077,
16309,201487504,
16310,201488389,
16311,201492892,
16312,201489657,
16313,201489714,
16314,201489625,
16315,201489441,
16316,201491183,
16317,201492318,
16318,201492869,
16319,201493039,
16320,201493835,
16321,201492236,
16322,201489384,
16323,201493911,
16324,201493175,
16325,201494495,
16326,201495248,
16327,201491633,
16328,201492536,
16329,201494746,
16330,201494832,
16331,201494530,
16332,201494139,
16333,201495451,
16334,201493939,
16335,201494501,
16336,201493590,
16337,201496262,
16338,201490987,
16339,201495619,
16340,201496597,
16341,201490653,
16342,201491666,
16343,201492972,
16344,201496625,
16345,201496880,
16346,201496951,
16348,201495688,
16352,201490260,
16353,201490260,
16366,201488818,
16368,201490536,
16369,201491564,
16370,201491607,
16371,201491738,
16372,201495606,
16373,201490300,
16374,201488813,
16375,201488165,
16376,201490008,
16377,201489576,
16378,201489777,
16379,201490349,
16380,201492855,
16381,201489662,
16382,201491161,
16383,201490776,
16385,201489853,
16386,201489441,
16387,201487966,
16388,201488138,
16389,201491342,
16390,201491349,
16391,201491055,
16392,201491712,
16393,201490510,
16394,201494936,
16400,201490706,
16410,201494648,
16411,201495824,
16412,201495824,
16413,201495824,
16414,201495824,
16415,201495503,
16416,201486194,
16417,201486619,
16418,201486669,
16419,201487329,
16420,201495942,
16421,201496146,
16425,201495939,
16428,201496620,
16431,201494699,
16437,201487436,
16440,201491962,
16450,201485903,
16451,201486677,
16453,201490981,
16454,NA,Not a stream?
16459,201489111,
16467,201487558,
16468,201487845,
16469,201487844,
16470,201494654,
16471,201489638,
16472,201493966,
16473,201494968,
16474,201493290,
16475,201492507,
16476,201494733,
16477,201496904,
16478,201496428,
16479,201493419,
16482,201489388,
16483,201495894,
16484,201490420,
16485,201496822,
16486,201492319,
16487,201492187,
16488,201492239,
16489,201488947,
16491,201492040,
16492,201496182,
16493,201496754,
16494,201490737,
16495,201491487,
16496,201491539,
16497,201488459,
16498,201492049,
16499,201487995,
16500,201493424,
16501,201488089,
16502,201488090,
16503,201496081,
16504,201490107,
16505,201494232,
16506,201493315,
16507,201487527,
16508,201487397,
16509,201486157,
16510,201493528,
16511,201492436,
16512,201490662,
16513,201491691,
16514,201491596,
16515,201489136,
16517,201491814,
16518,201492753,
16519,201496637,
16520,201488772,
16521,201492206,
16522,201491505,
16523,201492477,
16524,201493264,
16525,201492221,
16526,201496201,
16527,201490873,
16528,201495579,
16529,201487358,
16530,201494853,
16531,201492092,
16532,201486165,
16533,201486050,
16534,201496858,
16535,201492640,
16536,201494894,
16537,201487392,
16538,201486578,
16539,201491634,
16540,201487177,
16541,201490613,
16542,201490239,
16543,201488773,
16544,201486567,
16545,201492693,
16546,201492913,
16547,201495322,
16548,201489534,
16549,201491857,
16551,201486699,
16552,201496707,
16553,201494472,
16554,201495156,
16555,201496071,
16556,201492962,
16557,201491201,
16558,201490594,
16559,201492743,
16560,201495889,
16561,201489428,
16562,201490179,
16563,201486927,
16564,201489578,
16565,201487616,
16566,201488869,
16567,201488432,
16568,201495578,
16569,201490704,
16570,201490704,
16571,201496927,
16572,201492252,
16573,201490379,
16574,201488686,
16576,201485561,
16577,201492051,
16578,201491668,
16579,201491073,
16580,201495843,
16581,201489330,
16582,201489662,
16583,201496877,
16584,201488535,
16585,201490727,
16586,201497213,
16587,201497167,
16588,201496741,
16589,201492318,
16590,201492519,
16591,201493842,
16592,201490932,
16593,201496482,
16594,201494496,
16595,201494835,
16596,201496778,
16597,201495672,
16598,201489741,
16599,201494769,
16600,201494460,
16601,201488100,
16602,201492065,
16603,201492792,
16604,201495778,
16605,201495216,
16606,201492834,
16607,201493094,
16609,201491858,
16610,201494221,
16611,201492810,
16612,201492631,
16613,201494360,
16614,201490191,
16615,201491090,
16616,201489457,
16617,201494347,
16618,201487866,
16619,201487541,
16620,201493819,
16621,201497230,
16622,201497095,
16623,201491434,
16624,201491297,
16625,201491626,
16626,201491547,
16627,201491547,
16628,201487747,
16629,201487925,
16630,201491663,
16631,201494771,
16632,201493362,
16633,201493984,
16634,201495483,
16635,201487260,
16636,201494881,
16637,201493885,
16638,201495946,
16639,201488733,
16640,201492317,
16641,201487081,
16642,201492298,
16643,201488349,
16644,201493817,
16645,201493443,
16646,201495507,
16647,201495384,
16648,201495347,
16649,201496584,
16650,201496498,
16651,201491446,
16652,201490160,
16653,201491962,
16655,201493577,
16656,201494942,
16657,201489598,
16658,201489385,
16659,201489263,
16660,201489057,
16661,201494656,
16662,201497139,
16663,201496996,
16664,201487876,
16665,201491828,
16666,201492648,
16667,201491692,
16668,201493005,
16669,201494837,
16670,201487421,
16671,201496034,
16672,201494861,
16673,201495455,
16674,201490504,
16675,201491422,
16676,201493744,
16677,201493746,
16678,201487512,
16679,201490337,
16680,201488961,
16681,201495006,
16682,201486619,
16683,201486950,
16684,201492910,
16685,201492694,
16686,201492613,
16687,201489682,
16688,NA,Drains out of CT
16689,201491172,
16690,201492498,
16691,201488585,
16692,201492973,
16693,201495457,
16694,201496803,
16695,201492082,
16696,201495002,
16697,201488683,
16698,201497192,
16699,201486187,
16700,201494888,
16701,201494977,
16702,201494436,
16703,201493647,
16704,201491285,
16705,201488707,
16707,201497242,
16708,201495214,
16709,201489916,
16710,201492072,
16711,201492186,
16712,201486458,
16713,201487277,
16714,201491920,
16715,201491879,
16716,201494098,
16717,201494114,
16718,201496123,
16720,201495462,
16723,201495759,
16724,201494223,
16725,201493314,
16726,201490636,
16727,201496453,
16728,201493590,
16729,201497107,
16730,201491424,
16731,201496766,
16732,201491213,
16733,201490133,
16734,201494449,
16735,201486241,
16736,201494957,
16737,201492654,
16738,201492991,
16739,201493096,
16740,201496190,
16741,201495513,
16742,201490199,
16744,201495782,
16745,201490175,
16746,201490635,
16747,201490729,
16748,201494830,
16749,201490567,
16750,201495840,
16751,201489996,
16752,201496770,
16753,201497254,
16754,201494678,
16755,201496335,
16756,201489298,
16757,201494241,
16758,201488481,
16759,201491945,
16760,201491871,
16761,201493857,
16762,201492944,
16763,201488476,
16764,201488098,
16765,201494567,
16766,201492287,
16767,201494154,
16768,201494078,
16769,201494105,
16770,201496348,
16771,201490912,
16772,201495719,
16773,201496531,
16774,201493040,
16775,201492965,
16776,201496800,
16777,201496473,
16778,201491508,
16779,201495065,
16780,201495619,
16781,201490956,
16782,201487289,
16783,201495597,
16784,201492292,
16785,NA,Description and name do not match site loc.
16786,201494900,
16787,201494899,
16788,201497140,
16789,201489134,
16790,201496124,
16791,201490438,
16792,201496273,
16793,201492242,
16794,201488169,
16795,201493460,
16796,201490494,
16797,201490451,
16798,201492161,
16799,201492679,
16802,201486017,
16803,201493690,
16804,201494306,
16805,201496424,Description matches site loc. Pond spp in sample.  Rename brook - Morgan Brook
16806,201491947,
16807,201491947,
16808,201491928,
16809,201490354,
16810,201491731,
16811,201489148,
16812,201489491,
16813,201485081,
16814,201488340,
16815,201494246,
16816,201495162,
16817,201494829,
16818,201488941,Center Brook?  Site loc. matches description
16819,201491160,
16820,201496655,
16821,201493109,
16822,201489725,
16824,201492858,
16825,201494048,
16826,201488694,
16827,201486538,
16828,201487681,
16829,201487791,
16830,201488933,
16831,201485799,
16832,201485799,
16833,201491946,
16834,201492712,
16835,201495814,
16836,201490790,
16837,201489946,
16838,201494593,
16839,201495828,
16840,201489140,
16841,201489840,
16842,201495293,
16843,201491884,
16844,201490532,
16845,201490114,
16846,201494405,
16847,201494351,
16848,201496888,
16849,201496993,
16850,201495824,
16851,201495586,
16852,201492299,
16853,201492516,
16854,201493455,
16855,NA,Site loc & name / description do not match
16856,201493891,
16857,201492019,
16858,201493623,
16860,201493742,
16861,201488594,
16862,201493382,
16863,201494875,
16864,201489477,
16865,201489800,
16866,201489745,
16867,201489561,
16869,201489561,
16872,NA,Name doesn't match.  Drains to RI. Pond below.  CT land cover cut off.  Will not use for analysis.
16873,201487984,
16874,201488813,
16875,201494659,
16876,201491705,
16877,201487964,
16878,201485990,
16879,201493237,
16880,201495523,
16881,201495858,
16882,201492034,
16883,201494328,
16884,201494688,
16885,201490531,
16886,201490364,
16887,201490310,
16888,201489459,
16889,201490310,
16890,NA,old channel
16891,NA,old channel
16892,201489079,
16893,201492618,
16894,201495502,
16897,201495928,
16898,201492280,
16899,201490962,
16900,201486537,
16901,201488881,
16902,NA,Hydrography unclear.
16903,201491630,
16904,201490674,
16907,201497034,
16908,201496015,
16909,201495110,
16910,201497247,
16911,201496793,
16912,201496739,
16913,201495678,
16914,201495577,
16916,201493938,
16917,201496700,
16918,201490889,
16919,201490889,
16920,201490282,
16921,201496252,
16922,201489059,
16923,201492783,
16924,201493214,
16925,201496921,
16926,201492488,
16927,201496102,
16928,201490768,
16929,201490713,
16930,201494764,
16931,201494764,
16932,201491361,
16933,201489664,
16934,201493518,
16935,201491685,
16936,201491330,
16937,201496156,
16938,201491587,
16939,201494896,
16940,201495032,
16941,201495016,
16942,201486914,
16943,201493838,
16944,201486746,
16946,201491902,
16947,201490630,
16948,201492554,
16949,201492974,
16950,201492554,
16951,201492766,
16955,201492708,
16956,201492740,
16957,201492740,
16958,201496673,
16960,201494538,
16961,201491458,
16962,201491329,
16963,201493046,
16964,201487614,
16965,201492179,
16966,201491047,
16967,201493205,
16968,201493640,
16969,201493924,
16970,201496694,
16971,201491881,
16972,201492941,
16973,201490412,
16974,201496177,
16975,201495956,
16976,201494429,
16977,201492431,
16979,201493110,
16980,201494359,
16981,201496165,
16982,201493133,
16983,201496705,
16984,201495651,
16985,201488997,
16986,201489316,
16987,201488200,
16988,201489709,
16989,201492189,
16990,201487016,
16992,201494431,
16993,201495118,
16994,201496341,site loc closer to trib.  both have similar lc.  moved hydroId on race brook.
16995,201490139,
16996,201489967,
16997,201496745,
16998,201491996,
16999,201492293,
17000,201494113,
17001,201490754,
17002,201492641,
17003,201491592,
17004,201491992,
17005,201494649,
17006,201491381,
17007,201494590,
17008,201489411,
17009,201487968,
17010,201486586,
17011,201485450,
17012,201497193,
17013,201493155,
17014,201487652,
17015,201493642,
17016,201491557,
17017,201490474,
17018,201490502,
17019,201493088,
17022,201493288,
17024,201492706,
17025,201488755,
17026,201488848,
17027,201495581,
17028,201487786,
17029,201488621,
17030,201493646,
17031,201495001,
17032,201495104,
17033,201487025,
17034,201489184,
17035,201495012,
17036,201493277,
17037,201494985,
17038,201494973,
17039,201492562,
17040,201491585,
17041,201490849,
17042,201491225,
17044,201491840,
17045,201493101,
17046,201493036,
17047,201493477,
17048,201493234,
17049,201485478,
17050,201487448,
17051,201489641,
17052,201488163,
17053,201496172,
17054,201493900,
17055,201489195,
17056,NA,More representative of wilcox brook.  Hydrography may be askew.
17057,201495465,
17058,201495090,
17059,NA,Name and Description do not match site loc.
17060,201490966,
17061,201495731,
17062,201497117,
17063,201492321,
17064,201488484,
17065,201495100,
17066,201494300,
17067,201494209,
17068,201492605,
17069,201487851,
17070,201492947,
17071,201489869,
17072,201490400,
17075,201495997,
17076,NA,Name and Description do not match site loc.
17077,201496287,
17078,201495294,
17079,201487997,
17080,201489199,
17081,201489537,
17082,201488181,
17083,201497168,
17085,201493422,
17086,201493631,
17087,201488996,
17088,201489683,
17089,201495253,
17090,201494462,
17091,201491428,
17092,201489879,
17093,201494097,
17094,201492098,
17095,201491476,
17096,201491155,
17103,201492670,
17104,201496599,
17105,201496599,
17106,201489549,
17108,201486671,
17109,201494207,
17110,201491185,
17111,201490902,
17112,201490817,
17113,201493612,
17114,201490557,
17115,201491415,
17116,201494184,
17117,201486884,
17118,201495529,
17119,201493364,
17120,201493300,
17121,201491011,
17122,201495683,
17123,201493103,
17124,201495550,
17125,201495405,
17126,201495550,
17127,201494901,
17128,201496385,
17129,201496217,
17130,201493980,
17131,201495414,
17132,NA,Drains out of CT
17133,201495404,
17134,201495259,
17135,201494459,
17136,201494588,
17137,201493041,
17138,201493498,
17140,201491357,
17141,201493440,
17142,201493818,
17144,201490899,
17145,201490787,
17146,201493136,
17147,201491706,
17148,201490329,
17150,201492863,
17151,201492956,
17152,201492556,
17153,201492675,
17154,201494827,
17155,201492541,
17156,201491269,
17157,201491743,
17158,201490534,
17159,201490533,
17160,201493886,
17161,201489612,
17162,201493350,
17163,201493839,
17164,201496419,
17165,201492014,
17166,NA,Drains out of CT
17167,201489922,
17168,201488743,
17169,201491048,
17170,201494579,
17171,201490158,
17172,201490154,
17173,201492955,
17174,201490441,
17175,201494419,
17176,201493801,
17177,201486231,
17178,201494866,
17179,201493584,
17180,201496518,
17181,201492360,
17182,201492472,
17183,201491723,
17184,201491407,
17185,201492345,
17186,201495637,
17187,201493689,
17188,201487782,
17189,201488048,
17190,201490884,
17191,201493324,
17192,201493328,
17193,201493041,
17194,201493417,
17197,201489504,
17198,201487650,
17199,201488242,
17200,201490622,
17201,201494660,
17202,201494469,
17203,201491684,
17204,201496193,
17205,201494369,
17206,201494369,
17207,201493822,
17208,201489025,
17209,201487426,
17210,201492897,
17211,201493085,
17212,201492400,
17215,201493129,
17267,201494886,
17271,201490206,
17283,201494966,
17285,201494330,
17287,201494303,
17291,201494092,
17293,201487359,
17294,201487888,
17295,201487396,
17296,201489813,
17298,201486819,
17299,201494453,
17300,201492868,
17311,201495684,
17312,201495604,
17313,201496256,
17314,201496073,
17318,201494759,
17321,201494132,
17323,201495220,
17324,201494497,
17329,201495731,
17333,201494035,
17335,201496541,
17340,201486668,
17342,201495920,
17345,201488553,
17351,201489791,
17354,201486594,
17366,201492560,
17371,201486618,
17372,201487760,
17379,201496681,
17391,201496735,
17393,201494832,
17398,201492280,
17403,201486193,
17405,201486665,
17407,201487094,
17409,201495052,
17411,201488624,
17414,201493135,
17427,201488910,
17434,201489673,
17435,201489673,
17436,201489922,
17448,201496478,
17455,201496518,
17460,201493549,
17462,201490613,
17465,201491252,
17466,201491019,
17477,201490815,
17482,201491825,
17529,201494455,
17530,201494151,
17531,201494886,
17532,201495206,
17533,201495206,
17534,201495250,
17535,201495358,
17545,201495455,
17546,201493528,
17556,201490223,
17559,201490752,
17565,201485081,
17567,201492414,
17568,201492562,
17569,201491902,
17570,201491624,
17571,201491460,
17574,201488299,
17583,201492432,
17610,201496455,
17613,201485975,
17631,201490874,
17632,201492176,
17633,201492183,
17634,201496434,
17635,201494985,
17636,201494809,
17637,201494665,
17639,201492773,
17640,201492774,
17654,201490649,
17655,201493243,
17657,201489136,
17658,201490898,
17659,201490643,
17661,201495052,
17662,201494977,
17663,201494579,
17690,201490441,
17693,201491395,
17694,201491571,
17695,201490861,Name should be Hall Meadow Brook?  Description matches site loc.
17697,201490536,
17698,201490805,
17700,201489381,
17701,201488855,
17702,201491469,
17703,201490139,
17704,201491735,
17707,201496019,
17708,201496471,
17728,201491349,
17729,201494028,
17742,201495157,
17746,201494202,
17747,201490474,
17752,201488474,
17761,201494793,
17771,201490977,
17772,201487986,
17776,201491831,
17777,201491768,
17778,201491768,
17781,201492654,
17782,201493234,
17783,201493533,
17784,201495016,
17793,201493143,
17794,201492811,
17795,201492651,
17796,201492952,
17797,201493623,
17798,201489826,
17799,201488456,
17800,201488901,
17801,201487192,
17803,201490316,
17804,201490316,
17805,201490316,
17806,201490831,
17807,201490475,
17808,201490475,
17809,201489766,
17811,201492541,
17812,201489211,
17813,201487249,
17814,201486989,
17815,201486180,
17816,201487488,
17817,201486898,
17818,201486906,
17819,201487874,
17820,201487750,
17822,201487750,
17823,201487760,
17824,201486962,
17825,201486836,
17826,201486836,
17827,201486712,
17828,201486712,
17829,201486864,
17830,201486864,
17831,201487263,
17832,201487263,
17833,201486934,
17834,201486934,
17835,201488910,
17837,201489585,
17838,201489585,
17839,201487918,
17840,201487714,
17841,201487714,
17842,201490309,
17843,201489945,
17844,201485802,
17845,201487002,
17846,201485936,
17847,201487076,
17849,201487320,
17850,201487320,
17851,201486699,
17852,201486965,
17853,201488074,
17854,201487963,
17856,201490168,
17858,201487895,
17859,201488640,
17860,201489071,
17861,201488852,
17862,201489072,
17863,201489072,
17865,201488891,
17866,201485809,
17867,201485809,
17868,201485739,
17869,201486573,
17870,201488050,
17871,201488554,
17872,201488996,
17873,201490763,
17875,201489546,
17876,201491973,
17877,201492374,
17878,201492620,
17880,201492283,
17881,201492287,
17882,201488826,
17883,201488626,
17884,201488538,
17886,201492503,
17887,201492016,
17888,201491935,
17889,201492062,
17890,201487851,
17891,201492630,
17893,201493759,
17895,201488185,
17896,201488660,
17897,201488660,
17898,201488660,
17899,201488660,
17900,201488660,
17902,201493455,
17903,201493455,
17904,201493684,
17906,201487298,
17907,201487512,
17908,201490415,
17909,201491470,
17910,201491014,
17911,201491014,
17912,201491452,
17913,201492065,
17914,201492066,
17916,201492383,
17917,201492640,
17918,201494246,
17920,201494106,
17921,201494334,
17922,201494794,
17926,201486416,
17929,201489475,
17931,201487901,
17932,201486885,
17933,201486885,
17934,201487540,
17935,201488858,
17936,201487478,
17937,201486884,
17938,201486684,
17939,201486684,Not Trib?  Description matches site loc.
17940,201487292,
17941,201487292,
17942,201493069,
17943,201492398,
17944,201486693,
17945,201487277,
17947,201487237,
17951,201487719,
17952,201487521,
17953,201488625,
17954,201488184,
17955,201488370,
17956,201488305,
17957,201488364,
17958,201488221,
17959,201488452,
17960,201488294,
17961,201488146,
17962,201490950,
17963,201488712,
17964,201488586,
17965,201488586,
17966,NA,Catchment capturing Loon Brook Not Trib.  Remove for analysis.
17967,201488569,
17968,201488715,
17969,201488596,
17970,201488270,
17972,NA,Not railroad brook.  Description does not make sense.
17973,NA,Name and description do not match site loc.
17974,201492293,
17975,201492293,
17976,201492293,
17977,201492293,
17978,201492293,
17979,201491765,
17980,201492465,
17981,201492465,
17982,201492647,
17984,201492067,
17985,201492068,
17986,201491453,
17987,201493066,
17988,201493991,
17989,201493705,
17990,201493892,
17991,201493902,
17992,201493475,
17993,201495381,
17994,201495333,
17995,201495333,
17997,201495395,
17998,201491004,
18000,201494894,
18001,201492428,
18002,201492296,
18003,201494953,
18006,201492448,
18008,201490796,
18009,201494965,
18010,201494683,
18011,201494683,
18012,201489771,weird description.  check with fisheries on what this means and update.
18013,201491438,
18014,201491438,
18015,201491393,CT hydro map notes as trib.  Open street maps note as Birdseye Brook.
18050,201489143,
18051,201489305,
18052,201489261,
18053,201489059,
18054,201488547,
18057,201495346,
18058,201495378,
18059,201495273,
18061,201493549,
18062,201494428,
18063,201495380,
18064,201495157,
18123,201493214,
18124,201493944,
18125,201495290,
18126,201495297,
18127,201495246,
18134,201496717,
18135,201496872,
18136,201496970,
18137,201496783,
18138,201497025,
18140,201496879,
18144,NA,drains outside ct
18145,NA,drains outside ct
18158,201490260,
18159,201489406,
18204,201492799,
18206,201493580,
18208,201494473,
18209,201492873,
18211,201490308,
18212,201491424,
18213,201494462,
18214,201494710,
18216,201495354,
18217,201488243,
18269,201490442,
18270,201495470,
18272,201489675,
18273,201487257,
18412,201493036,
18413,201494693,
18420,201493892,
18429,201492947,
18433,201492525,
18435,201494896,
18436,201493663,
18437,201493640,
18439,201491941,
18440,201491722,
18442,201488394,
18443,201494462,
18446,201491995,
18447,201495968,
18448,201491725,
18450,201492096,
18451,201493084,
18452,201487693,
18453,201491993,
18454,201492561,
18456,201492611,
18463,201497080,
18464,201488003,
18468,201493180,
18476,201491541,
18486,201494679,
18495,201494812,
18496,201496555,
18498,201492057,
18507,201493724,
18508,201490699,
18509,201490699,
18514,201493758,
18515,201495464,
18519,201496055,
18520,201488126,
18521,201488148,
18522,201496158,
18523,201492221,
18524,201486998,
18525,201487017,
18526,201487017,
18527,201494710,
18530,201492601,
18531,201495721,
18532,201495455,
18533,201494879,
18534,201490871,
18535,201492524,
18536,201496750,
18537,201493196,
18538,201492451,
18539,201493273,
18540,201494348,
18541,201494284,
18542,201495677,
18543,201488251,
18544,201495018,Unnamed trib to?
18545,201494115,
18547,201493640,
18548,201493641,
18549,201495588,
18550,201495595,
18551,201495994,hydrography off.
18552,201488167,
18553,201494040,
18555,201494942,
18556,201494095,
18558,201488413,
18559,201494463,
18560,201494702,
18561,201494040,
18562,201494728,
18564,201496389,
18565,201489929,
18566,201490662,
18567,201486165,
18568,201493245,
18569,201493226,hydrography a little off but upstream catchment still representative.  nhd draining to CT River instead of wetland that drains to the mouth of Mattabesset.
18571,201491511,
18573,201493468,
18574,201491828,
18575,201493005,
18576,201492255,
18577,201492118,
18578,201492119,
18579,201490785,
18580,201490297,
18581,201494678,
18582,201494241,
18583,201494274,
18584,201488888,
18585,201485799,
18586,201491031,
18587,201494722,
18588,201494277,
18590,201492384,
18591,201494402,
18592,201493955,
18593,201493737,
18595,201493639,
18596,201495134,
18597,201491255,
18598,201494417,
18599,201494213,
18600,201494728,
18601,201490655,
18602,201490655,
18603,201490719,
18605,201489498,
18606,201489498,
18607,201489372,
18608,201493389,
18622,201495833,
18623,201488126,
18625,201495840,
18627,201490649,
18640,201496529,
18671,201494237,
18685,201490519,
18737,201490790,
18738,201490790,
18784,201489498,
18789,201495523,
18791,201493857,
18793,201490150,
18807,201494028,
18816,201490139,
18818,201494194,
18821,201490695,
18835,201487349,
18863,201489248,
18864,201494609,
18867,201492502,
18871,201493892,
18874,201494779,
18875,201494673,
18876,201496385,
18877,201492557,
18881,201493308,
18883,201490898,
18884,201494283,
18903,201491841,
18904,201493599,
18921,201494520,
18931,201495805,
18932,201486242,
18935,201496825,
18963,201490662,
18971,201497167,
18983,201493238,
18991,201494534,
18993,201494771,
19003,201496287,
19012,201495255,
19016,201491342,
19017,201493364,
19018,201495129,
19019,201489922,
19020,201494875,
19021,201490010,
19024,201487410,
19025,201495305,
19026,201497254,
19030,201489177,
19039,201489489,
19042,201493326,
19048,201490699,
19049,201495452,
19063,201493062,
19064,201493104,
19065,201490595,
19066,201490177,
19067,201493116,
19068,201493450,
19069,201493527,
19071,201489718,
19076,201489428,
19077,201492701,
19078,NA,trib not on high res NHD.  catchment not representative.
19082,NA,trib not on high res NHD.  catchment not representative.
19083,201492701,
19084,201492575,
19085,201492575,
19100,201489263,same as SID 16659. update data.
19101,201489507,
19102,201489705,
19107,201492417,
19108,201492417,
19109,201492640,
19110,201491636,
19111,201492104,
19112,201492103,
19113,201489865,River Road Brook according to DEEP Hydro Named Layer
19114,201489957,
19115,201489619,
19117,201492404,
19118,201492423,
19120,201495452,
19121,201495444,
19124,201491382,
19125,201494464,
19126,201494107,
19127,201494334,
19130,201495797,
19143,201485997,
19147,201493642,
19160,201492056,
19185,201491709,
19215,201494075,
19217,201491415,
19218,201491415,
19222,201491719,
19269,201488950,
19382,201493578,
19413,201496255,
19427,201495124,
19547,201491630,same as 16903?  Check SS.  Change in DB.
19638,201490662,
19639,201490417,
19644,201488042,
19652,201491983,
19653,201492278,
19655,201488193,
19657,201491607,
19679,201492161,
19681,201490689,
19682,201495947,
19683,201488113,
19685,201488748,
19686,201488818,
19688,201489576,
19691,201487746,
19692,201490992,
19693,201492970,
19696,201488844,
19697,201487773,
19698,201496482,
19699,201497204,
19700,201494722,
19709,201492903,
19715,201493522,
19717,201493262,
19718,201488129,
19721,201489375,
19722,201489332,
19723,201489393,
19724,201490085,
19725,201489999,
19727,201492007,
19728,201492209,
19729,201491736,Bog Meadow Brook on CT DEEP Named Waterbody Layer
19730,201492447,
19731,201492327,
19732,201492480,
19733,201493110,
19734,201491614,
19739,201490474,
19740,201490548,
19742,201490997,
19749,201490815,
19751,201488862,
19755,201488283,
19756,201488283,
19757,201487850,
19758,201488492,
19762,201492741,
19763,201492993,
19764,201493198,
19765,201490848,
19774,201490085,
19776,201490211,
19778,201490479,
19781,201490840,
19782,201490751,
19783,201490428,
19784,201487664,
19785,201487652,
19786,201487652,
19787,201492488,
19788,201492379,
19789,201490338,
19790,201495684,
19791,201491564,
19793,201490377,
19794,201490481,
19800,201490683,NNT Draining from Gale Pond?
19802,201490419,
19804,201493797,
19807,201488870,
19808,201488870,
19809,201489147,
19810,201491674,
19812,201491692,
19817,201489086,
19818,201489169,
19820,201489615,
19821,201489829,
19822,201494733,
19823,201495432,
19825,201489474,
19829,NA,Hydrography not represetative.
19830,201491628,
19832,201495141,
19838,201490852,
19839,201490666,
19840,201490931,
19841,201491035,
19845,201487269,
19847,201488112,
19850,201491957,
19851,201487926,
19854,201488606,
19856,201488541,
19857,201488541,
19859,201487586,
19861,201487893,
19862,201487363,
19863,201487661,
19864,201494576,
19870,201488648,
19871,201488864,
19872,201488834,
19874,201488810,
19878,NA,Hydrography not representative.
19881,201489268,
19882,201489177,
19884,201492279,
19886,201486132,
19887,201486260,
19888,201486498,
19889,201486949,
19891,201488594,
19895,201491026,
19899,201490183,
19900,201490209,
19901,201490025,
19903,201489988,
19905,201488980,
19906,201489086,
19907,201494978,
19909,201494476,
19910,201494416,
19914,201494802,
19917,201490354,
19919,201493110,
19923,201494574,
19924,201494570,
19926,201494752,
19931,201488403,
19932,201492102,
19933,201494128,
19934,201490023,site lat / long off.  fix in DB.
19935,201494189,
19936,201493382,
19938,201491867,
19940,201492296,
19943,201495481,
19944,201495481,
19951,201495069,
19953,201489493,
19954,201489493,
19955,201496624,
19956,201496267,
19957,201494218,
19959,201491588,
19962,201491900,
19975,201495255,
19976,201495090,
19978,201495083,
19979,201495068,
19982,201494772,
19983,201494735,
19984,201494798,
19988,201490335,
19990,201493028,
19991,201492823,
20046,201495472,
20049,201497229,
20054,201490582,
20055,201490869,
20060,201496348,
20061,201487888,
20062,201494750,
20064,201489619,site lat long off.  fix in DB.
20068,201490464,
20069,201490464,
20070,201490464,
20071,201490464,
20072,201490464,
20073,201486906,
20074,201493722,
20075,201494599,
20079,201492296,
20080,201495828,
20084,201494699,
20085,201494699,
20086,201494780,
20087,201495883,
20089,201495761,
20090,201494671,
20091,201494671,
20092,201492296,
20095,201494380,
20096,201494485,
20097,201490997,
20098,201496652,
20099,201496647,
20122,201489964,
20123,201488169,
20124,201490096,
20127,201492974,
20128,201492181,
20129,201490713,
20131,201490085,
20133,201490815,
20134,201491066,
20136,201491143,
20149,201489713,
20150,201489648,
20154,201494550,
20191,201488788,
20206,201493069,
20209,201494827,
20210,201494734,
20211,201495451,
20212,201494771,
20213,201494475,
20217,201494095,
20219,201494562,
20220,201494602,
20221,201494691,
20222,201495874,
20223,201495874,
20224,201495954,
20225,201495840,
20231,201495251,
20232,201494376,
20233,201494376,
20235,201491066,
20236,201492503,
20237,201494095,
20238,201495040,
20239,201494788,
20242,201495090,
20243,201494237,
20249,201493069,
20251,201493671,
20252,201493853,
20258,201491966,
20259,201494120,
20260,201495595,
20261,NA,Hydrography not representative
20262,201495063,
20263,201495115,
20264,201493626,
20266,NA,Hydrography not representative
20267,201489427,
20268,201489856,
20269,NA,Hydrography not representative of site
20270,201490588,
20272,201490474,
20273,201490502,
20277,201495331,
20278,201495408,
20282,201495479,
20283,201495703,
20284,201495408,
20292,201487487,
20293,201487836,
20295,201486594,
20297,NA,Hydrography not representative of site characteristics
20298,201487739,
20299,201496069,School House Brook
20300,201495941,Hull Hill Brook
20301,201496032,Ivy Brook
20302,201493353,
20303,201493550,
20306,201496297,
20311,201496245,
20312,201496166,
20313,201496591,Turkey Hill Brook
20314,201496116,
20315,201496348,
20316,201496257,
20317,201496426,
20318,201492179,
20319,201491706,
20320,201489059,
20322,201493878,
20323,NA,Hydrography not representative of site
20324,201494673,
20325,201492644,
20326,201491714,
20327,201491559,Latham Brook in CT Named Waterbody.  Description matches site loc.
20328,NA,Hydrography not representative of site
20330,201487336,
20331,201487336,
20334,201494747,
20335,201487843,
20336,201486513,
20370,201494095,
