STA_SEQ,NAME,YLAT,XLONG,HydroID
"14148",Bunnell Brook,41.784599999999998,-72.965699999999998,"201491607"
"14465",Stony Brook,41.960799999999999,-72.710999999999999,"201488416"
"14479",Trout Brook,41.731400000000001,-72.723100000000002,"201491586"
"14226",Harbor Brook,41.531399999999998,-72.821799999999996,"201494376"
"14492",Willimantic River,41.832599999999999,-72.307900000000004,"201489347"
"14314",Natchaug River,41.800800000000002,-72.118200000000002,"201489080"
"14383",Pequabuck River,41.671900000000001,-72.875100000000003,"201492708"
"14391",Pequabuck River,41.668100000000003,-72.920800000000000,"201492869"
"14392",Pequabuck River,41.673800000000000,-72.897700000000000,"201492766"
"14389",Pequabuck River,41.669300000000000,-72.993600000000001,"201493039"
"14390",Pequabuck River,41.674199999999999,-72.961900000000000,"201492931"
"14393",Pequabuck River,41.704599999999999,-72.850399999999993,"201492413"
"14132",Blackberry River,42.023600000000002,-73.340999999999994,"201489066"
"14413",Quinnipiac River,41.528244000000001,-72.856272000000004,"201494431"
"14421",Quinnipiac River,41.518500000000003,-72.825800000000001,"201494483"
"14414",Quinnipiac River,41.450099999999999,-72.840699999999998,"201495118"
"14441",Salmon River,41.574199999999998,-72.429400000000001,"201492951"
"14450",Shepaug River,41.548900000000003,-73.330799999999996,"201495041"
"14444",Saugatuck River,41.294499999999999,-73.394800000000004,"201496642"
"14458",Still River,41.438899999999997,-73.400999999999996,"201496048"
"14323",Naugatuck River,41.589399999999998,-73.057400000000001,"201494222"
"14334",Naugatuck River,41.483400000000003,-73.052300000000002,"201495224"
"14317",Naugatuck River,41.443500000000000,-73.064200000000000,"201495520"
"14339",Naugatuck River,41.318899999999999,-73.081800000000001,"201496358"
"14318",Naugatuck River,41.338700000000003,-73.080600000000004,"201496261"
"14284",Mad River,41.543900000000001,-73.038399999999996,"201494616"
"14328",Naugatuck River,41.535600000000002,-73.036799999999999,"201494782"
"14324",Naugatuck River,41.557099999999998,-73.054400000000001,"201494512"
"14331",Naugatuck River,41.505099999999999,-73.046899999999994,"201494999"
"14316",Naugatuck River,41.615900000000003,-73.057900000000004,"201493906"
"14348",Naugatuck River,41.763100000000001,-73.117300000000000,"201492140"
"14175",East Branch Naugatuck River,41.820300000000003,-73.123199999999997,"201491547"
"14923",Naugatuck River,41.659599999999998,-73.077900000000000,"201493343"
"14341",Naugatuck River,41.789099999999998,-73.114500000000007,"201491820"
"14482",West Branch Naugatuck River,41.818100000000001,-73.144099999999995,"201491571"
"14388",Pequabuck River,41.677999999999997,-73.000200000000007,"201492992"
"14402",Poland River,41.691200000000002,-73.004499999999993,"201492903"
"14385",Pequabuck River,41.678899999999999,-73.015000000000001,"201492970"
"14288",Mattabesset River,41.618899999999996,-72.712699999999998,"201493025"
"14235",Hockanum River,41.782200000000003,-72.591200000000001,"201490886"
"14188",Eightmile River,41.588000000000001,-72.897700000000000,"201493812"
"14420",Quinnipiac River,41.550199999999997,-72.870500000000007,"201494271"
"14181",East Aspetuck River,41.682299999999998,-73.353899999999996,"201493735"
"14182",East Aspetuck River,41.681699999999999,-73.353999999999999,"201493735"
"14463",Still River,41.389800000000001,-73.463700000000003,"201496374"
"14464",Still River,41.406300000000002,-73.425299999999993,"201496287"
"15670",Sympaug Brook,41.392099999999999,-73.428500000000000,"201496333"
"14147",Broad Brook,41.914700000000003,-72.549000000000007,"201488625"
"14442",Sandy Brook,41.973999999999997,-73.040599999999998,"201489043"
"14244",Hockanum River,41.788300000000000,-72.550299999999993,"201490463"
"14237",Hockanum River,41.785899999999998,-72.556899999999999,"201490488"
"14293",Mianus River,41.080599999999997,-73.581199999999995,"201497194"
"14286",Mattabesset River,41.620100000000001,-72.793700000000001,"201493210"
"14278",Little River,41.615800000000000,-72.041600000000003,"201491503"
"14277",Little River,41.639299999999999,-72.058199999999999,"201491281"
"14470",Tankerhoosen River,41.827199999999998,-72.463999999999999,"201489597"
"14254",Housatonic River,41.890599999999999,-73.357600000000005,"201491003"
"14347",Naugatuck River,41.776899999999998,-73.118099999999998,"201491936"
"14344",Naugatuck River,41.780600000000000,-73.117500000000007,"201491889"
"14400",Pocotopaug Creek,41.564999999999998,-72.506900000000002,"201493238"
"14399",Pocotopaug Creek,41.573000000000000,-72.501499999999993,"201493238"
"14472",Ten Mile River,41.565500000000000,-72.890500000000003,"201494207"
"14410",Quinebaug River,42.021999999999998,-71.952799999999996,"201485225"
"14206",French River,41.954799999999999,-71.884000000000000,"201486242"
"14197",FARMINGTON RIVER,41.750799999999998,-72.871700000000004,"201491761"
"14446",Scantic River,41.894100000000002,-72.572299999999998,"201489133"
"14406",Pootatuck River,41.406399999999998,-73.272000000000006,"201496066"
"14407",Pootatuck River,41.414200000000001,-73.282300000000006,"201496027"
"14408",Pootatuck River,41.414400000000001,-73.282499999999999,"201496027"
"14404",Pomperaug River,41.471699999999998,-73.256000000000000,"201495594"
"14403",Pomperaug River,41.549100000000003,-73.216499999999996,"201494864"
"14488",West Aspetuck River,41.604889000000000,-73.428788999999995,"201494840"
"14229",Hockanum Brook,41.437300000000000,-73.051000000000002,"201495568"
"14139",Bladens River (Bladdens River),41.395800000000001,-73.060800000000000,"201495872"
"14453",Spruce Brook,41.456200000000003,-73.062600000000003,"201495417"
"14138",Bladens River (Bladdens River),41.397199999999998,-73.071799999999996,"201495872"
"14280",Little River,41.405799999999999,-73.092600000000004,"201495871"
"15480",Naugatuck River,41.734699999999997,-73.105099999999993,"201492497"
"14456",Steele Brook,41.580500000000001,-73.070300000000003,"201494300"
"14179",East Branch Naugatuck River,41.797345000000000,-73.115842000000001,"201491670"
"14247",Hollenbeck River,41.943100000000001,-73.305800000000005,"201490244"
"14195",Farmill River,41.259099999999997,-73.097899999999996,"201496584"
"14186",Eightmile Brook,41.388500000000001,-73.164800000000000,"201496076"
"14355",Nonewaug River,41.557499999999997,-73.212199999999996,"201494780"
"14183",East Aspetuck River,41.597900000000003,-73.415199999999999,"201494833"
"14196",Farmill River,41.273000000000003,-73.112899999999996,"201496537"
"14329",Naugatuck River,41.530400000000000,-73.040199999999999,"201494782"
"14332",Naugatuck River,41.500200000000000,-73.050299999999993,"201495034"
"14330",Naugatuck River,41.518200000000000,-73.053600000000003,"201494999"
"14439",Salmon Creek (Salmon Kill),41.933700000000002,-73.390799999999999,"201490548"
"14409",Pootatuck River,41.416200000000003,-73.282399999999996,"201496016"
"14128",Bantam River,41.688400000000001,-73.266800000000003,"201493421"
"14300",Mill River,41.430700000000002,-72.903999999999996,"201495433"
"14301",Mill River,41.382800000000003,-72.896699999999996,"201495824"
"14309",Muddy River,41.457999999999998,-72.768500000000003,"201495045"
"14310",Muddy River,41.380200000000002,-72.827100000000002,"201495711"
"14146",Branford River,41.307200000000002,-72.764799999999994,"201496101"
"14489",West River,41.330300000000001,-72.966300000000004,"201496199"
"14150",Byram River,41.027600000000000,-73.662099999999995,"201497248"
"14221",Hammonasset River,41.327800000000003,-72.611599999999996,"201495759"
"14491",West River,41.357399999999998,-72.720600000000005,"201495739"
"14490",West River,41.339900000000000,-72.715400000000002,"201495835"
"14362",Ridgefield Brook,41.315800000000003,-73.479200000000006,"201496686"
"14360",Norwalk River,41.267499999999998,-73.441400000000002,"201496756"
"14363",Norwalk River,41.310099999999998,-73.469099999999997,"201496633"
"14364",Norwalk River,41.256900000000002,-73.428799999999995,"201496832"
"14371",Norwalk River,41.126700000000000,-73.429500000000004,"201497061"
"14369",Norwalk River,41.204799999999999,-73.430599999999998,"201496896"
"14452",Silvermine River,41.150300000000001,-73.443399999999997,"201497045"
"14361",Norwalk River,41.135899999999999,-73.426000000000002,"201497051"
"14432",Rippowam River,41.066099999999999,-73.548400000000001,"201497204"
"14473",Ten Mile River,41.526699999999998,-72.933099999999996,"201494632"
"14417",Quinnipiac River,41.587800000000001,-72.891000000000005,"201493813"
"14201",Five Mile River,41.141800000000003,-73.483300000000000,"201497080"
"14370",Norwalk River,41.190899999999999,-73.429699999999997,"201496921"
"14394",Pequonnock River,41.234299999999998,-73.183800000000005,"201496718"
"14486",Wepawaug River,41.235999999999997,-73.057299999999998,"201496698"
"14395",Pequonnock River,41.288100000000000,-73.234800000000007,"201496577"
"14298",Mill River,41.207999999999998,-73.257000000000005,"201496828"
"14126",Aspetuck River,41.186399999999999,-73.342900000000000,"201496904"
"14443",Saugatuck River,41.224499999999999,-73.346900000000005,"201496825"
"14158",Coppermine Brook,41.677700000000002,-72.907700000000006,"201492736"
"14153",Coginchaug River,41.554699999999997,-72.673699999999997,"201493772"
"14397",Piper Brook,41.718600000000002,-72.727400000000003,"201491823"
"14303",Muddy Brook,41.983800000000002,-72.658199999999994,"201487964"
"14435",Salmon Brook,41.936599999999999,-72.774900000000002,"201488979"
"14484",West Branch Salmon Brook,41.937199999999997,-72.821500000000000,"201489034"
"14198",FARMINGTON RIVER,41.772300000000001,-72.822000000000003,"201491291"
"14349",Nepaug River,41.829999999999998,-72.994699999999995,"201490930"
"14283",Mad River,41.919899999999998,-73.059700000000007,"201489887"
"14460",Still River,41.947600000000001,-73.048699999999997,"201489408"
"14461",Sandy Brook (Still River),41.968499999999999,-73.033100000000005,"201489158"
"14459",Still River,41.929000000000002,-73.058400000000006,"201489869"
"14436",Salmon Brook,41.719099999999997,-72.602000000000004,"201491557"
"14238",Hockanum River,41.875799999999998,-72.474299999999999,"201489051"
"14242",Hockanum River,41.819499999999998,-72.503500000000003,"201489843"
"14241",Hockanum River,41.850299999999997,-72.487799999999993,"201489364"
"14469",Tankerhoosen River,41.820099999999996,-72.503299999999996,"201489844"
"14137",Blackledge River,41.608400000000003,-72.426299999999998,"201492502"
"14260",Jeremy River,41.579900000000002,-72.402799999999999,"201492779"
"14396",Pine Brook,41.507899999999999,-72.495199999999997,"201493933"
"14433",Roaring Brook,41.664999999999999,-72.604500000000002,"201492214"
"14187",Eightmile River,41.431199999999997,-72.337599999999995,"201494447"
"14174",East Branch Eightmile River,41.430900000000001,-72.337500000000006,"201494448"
"14377",Pattaconk Brook,41.399099999999997,-72.465100000000007,"201495036"
"14437",Salmon Brook,41.716700000000003,-72.585099999999997,"201491459"
"14597",Myron Kinney  Brook,41.553300000000000,-71.861900000000006,"201491832"
"14601",Broad Brook,41.563200000000002,-71.983400000000003,"201491977"
"14596",Pachaug River,41.603999999999999,-71.985200000000006,"201491479"
"14602",Merrick Brook,41.661000000000001,-72.110100000000003,"201490979"
"14605",Eightmile River,41.590800000000002,-72.900899999999993,"201493812"
"14214",Furnace Brook,41.984099999999998,-72.294700000000006,"201486892"
"14584",Roaring Brook,41.904000000000003,-72.289100000000005,"201488020"
"14581",Willimantic River,41.942300000000003,-72.305800000000005,"201487650"
"14580",Willimantic River,41.950499999999998,-72.303700000000006,"201487650"
"14583",Middle River,41.952500000000001,-72.303899999999999,"201487365"
"14606",Middle River,41.965899999999998,-72.327799999999996,"201487213"
"14592",Fenton River,41.792499999999997,-72.209999999999994,"201489447"
"14582",Willimantic River,41.762300000000003,-72.269099999999995,"201490200"
"14588",Bungee Brook,41.895699999999998,-72.071399999999997,"201487571"
"14589",Still River,41.871600000000001,-72.087699999999998,"201487997"
"14590",Bigelow Brook,41.867100000000001,-72.092100000000002,"201487996"
"14593",Whetstone Brook,41.831632999999997,-71.878096999999997,"201487907"
"14599",Mashamoquet Brook,41.849899999999998,-71.935900000000004,"201487804"
"14600",Blackwell Brook,41.740699999999997,-71.948800000000006,"201489565"
"14595",Quanduck Brook,41.721905999999997,-71.836053000000007,"201489444"
"14294",Mill Brook,41.664299999999997,-71.919799999999995,"201490493"
"14587",Tenmile River,41.693700000000000,-72.263199999999998,"201490963"
"14586",Hop River,41.721200000000003,-72.254800000000003,"201490629"
"14591",Mount Hope River,41.797100000000000,-72.171599999999998,"201489327"
"14609",Quinebaug River,41.908099999999997,-71.909599999999998,"201486936"
"14598",Quinebaug River,41.602200000000003,-71.986800000000002,"201491478"
"14451",Shetucket River,41.700200000000002,-72.182299999999998,"201490762"
"14594",Moosup River,41.714799999999997,-71.893100000000004,"201489751"
"14205",Fivemile River,41.845100000000002,-71.891199999999998,"201487876"
"14276",Little River,41.927999999999997,-71.931500000000000,"201486680"
"14305",Muddy Brook,42.014699999999998,-72.001700000000000,"201485445"
"14520",Factory Brook,41.975099999999998,-73.421199999999999,"201490023"
"14521",Factory Brook,41.966799999999999,-73.427700000000002,"201490157"
"14708",Middle River,41.951900000000002,-72.308400000000006,"201487365"
"14712",Transylvania Brook,41.484000000000002,-73.258399999999995,"201495550"
"14711",Transylvania Brook,41.484262000000001,-73.258546999999993,"201495550"
"14710",Shepaug River,41.683396999999999,-73.298267999999993,"201493549"
"14713",Still River,41.950299999999999,-73.049000000000007,"201489398"
"14501",Willow Brook,41.642299999999999,-72.750299999999996,"201492855"
"14358",Noroton River,41.089799999999997,-73.515199999999993,"201497150"
"14714",Naugatuck River,41.512999999999998,-73.052899999999994,"201494999"
"14715",Naugatuck River,41.514000000000003,-73.053899999999999,"201494999"
"14628",Steele Brook,41.568700000000000,-73.057400000000001,"201494372"
"14194",Farm River,41.333100000000002,-72.815299999999993,"201496000"
"14706",Whitford Brook,41.392800000000001,-71.960400000000007,"201494055"
"14725",Seth Williams Brook,41.425699999999999,-71.957300000000004,"201493655"
"14263",Kahn Brook,41.568100000000001,-72.170199999999994,"201492401"
"14739",Susquetonscut Brook,41.572400000000002,-72.132400000000004,"201492324"
"14738",Gardner Brook,41.543300000000002,-72.173400000000001,"201492694"
"14741",Titicus River,41.328699999999998,-73.521799999999999,
"14740",Quaker Brook,41.512349000000000,-73.526949999999999,
"14462",Still River,41.392299999999999,-73.434799999999996,"201496305"
"14720",Green Fall River,41.456800000000001,-71.816900000000004,"201492935"
"14379",Pawcatuck River,41.397799999999997,-71.842200000000005,"201493717"
"14721",Shunock River,41.410100000000000,-71.845200000000006,"201493578"
"14719",Wyassup Brook,41.456600000000002,-71.817200000000000,"201493112"
"14734",Yantic River,41.576599999999999,-72.191800000000001,"201492335"
"14736",Sherman Brook,41.575299999999999,-72.284700000000001,"201492562"
"14735",Yantic River,41.558300000000003,-72.111999999999995,"201492476"
"14727",Latimer Brook,41.410699999999999,-72.221699999999998,"201494497"
"14732",Poquetanuck Brook (Hewitt Brook),41.498100000000001,-72.036500000000004,"201492953"
"14731",Trading Cove Brook,41.502099999999999,-72.123500000000007,"201493122"
"14733",Oxoboxo Brook,41.436599999999999,-72.106200000000001,"201493830"
"14724",Oxoboxo Brook,41.467300000000002,-72.156999999999996,"201493592"
"14722",Oxoboxo Brook,41.446199999999997,-72.125299999999996,"201493826"
"14322",Naugatuck River,41.631000000000000,-73.077200000000005,"201493681"
"14321",Naugatuck River,41.649700000000003,-73.077399999999997,"201493560"
"14848",Naugatuck River,41.537799999999997,-73.036400000000000,"201494782"
"14853",Norwalk River,41.202599999999997,-73.431100000000001,"201496896"
"14858",Flat Brook,41.680100000000003,-72.467299999999994,"201491701"
"14842",Indian Meadow Brook,41.930500000000002,-73.078999999999994,"201489763"
"14843",Sandy Brook,41.990400000000001,-73.058000000000007,"201488861"
"14857",Beaver Meadow Brook,41.443199999999997,-72.545400000000001,"201494722"
"14856",Pond Meadow Brook,41.380699999999997,-72.590400000000002,"201495357"
"14866",Stickney Hill Brook,41.983300000000000,-72.217900000000000,"201486633"
"14862",Bentley Brook,41.558199999999999,-72.136600000000001,"201492616"
"14861",Latimer Brook,41.420900000000003,-72.220900000000000,"201494339"
"14860",Flat Brook,41.406199999999998,-72.074700000000007,"201494127"
"14888",Ekonk Brook,41.710900000000002,-71.877799999999993,"201489847"
"14863",Rocky Brook,42.013399999999997,-71.802000000000007,"201484795"
"14841",FARMINGTON RIVER,41.825699999999998,-72.929500000000004,"201490922"
"14880",Sages Ravine Brook,42.049500000000002,-73.430099999999996,"201488953"
"14859",Shunock River,41.430399999999999,-71.852599999999995,"201493477"
"14840",Mountain Brook,41.974100000000000,-72.837500000000006,"201488932"
"14846",Sawmill Brook,41.585099999999997,-73.510800000000003,"201495052"
"14845",Bull Mountain Brook,41.678199999999997,-73.451499999999996,"201493961"
"14844",Lake Waramaug Brook,41.724299999999999,-73.334500000000006,"201493171"
"15426",Bladens River (Bladdens River),41.387200000000000,-73.019099999999995,"201495886"
"14852",Pumpkin Ground Brook,41.241500000000002,-73.134100000000004,"201496671"
"14849",Limekiln Brook,41.383800000000001,-73.376099999999994,"201496298"
"15303",Eagleville Brook,41.799100000000003,-72.273799999999994,"201489553"
"15304",Eagleville Brook,41.793799999999997,-72.275199999999998,"201489553"
"15308",Blackberry River,42.017099999999999,-73.317800000000005,"201489143"
"15309",Blackberry River,42.015599999999999,-73.314700000000002,"201489143"
"15047",Hockanum River,41.867600000000003,-72.434100000000001,"201489051"
"15046",Charters Brook,41.906199999999998,-72.403499999999994,"201488403"
"15048",Hockanum River,41.866599999999998,-72.464799999999997,"201489051"
"15022",West Branch Saugatuck River,41.243299999999998,-73.409400000000005,"201496789"
"14176",East Branch Naugatuck River,41.812199999999997,-73.122100000000003,"201491547"
"14825",Naugatuck River,41.674300000000002,-73.069500000000005,"201493244"
"14202",Five Mile River,41.136499999999998,-73.479299999999995,"201497080"
"14319",Naugatuck River,41.736100000000000,-73.105400000000003,"201492461"
"14716",Steele Brook,41.591600000000000,-73.096199999999996,"201494209"
"14207",French River,42.024799999999999,-71.884299999999996,"201484922"
"15479",Quinnipiac River,41.599600000000002,-72.885400000000004,"201493770"
"14800",Steele Brook,41.610500000000002,-73.115300000000005,"201494013"
"15543",Pease Brook,41.594700000000003,-72.192300000000003,"201492270"
"15008",Moosup River,41.717199999999998,-71.842200000000005,"201489501"
"15005",Bantam River,41.758800000000001,-73.184100000000001,"201492351"
"15010",Cabin Brook,41.560299999999998,-72.334900000000005,"201492873"
"15011",Crooked Brook,41.599899999999998,-71.906700000000001,"201491385"
"15004",Housatonic River,41.807200000000002,-73.390600000000006,"201492291"
"15012",Pomperaug River,41.521799999999999,-73.206100000000006,"201495076"
"15017",Fivemile Brook,41.384599999999999,-73.159700000000001,"201496073"
"14686",Blackberry River,42.009599999999999,-73.280600000000007,"201489132"
"15024",Wood Creek,41.638700000000000,-73.236199999999997,"201493990"
"15015",Seth Williams Brook,41.439900000000002,-71.974100000000007,"201493547"
"15014",Clark Creek,41.442500000000003,-72.473500000000001,"201494591"
"15020",Eightmile River,41.430000000000000,-72.339200000000005,"201494447"
"15013",Mill River,41.425899999999999,-72.905600000000007,"201495433"
"15018",Farm River,41.406300000000002,-72.771000000000001,"201495387"
"15003",Wappoquia Brook,41.875100000000003,-71.965800000000002,"201487666"
"15299",North Running Brook,41.964500000000001,-71.966600000000000,"201486380"
"14998",Still Brook,42.019199999999998,-72.312700000000007,"201486346"
"15007",Sawmill Brook,41.739800000000002,-72.201700000000002,"201490302"
"15006",Hockanum River,41.807800000000000,-72.520399999999995,"201490199"
"14997",East Branch Salmon Brook,42.013500000000001,-72.843500000000006,"201487925"
"15001",Beach Brook,41.945999999999998,-72.857500000000002,"201489107"
"14130",Beaver Pond Brook,41.539299999999997,-73.007700000000000,"201494586"
"14968",Lily Brook,41.574199999999998,-72.987799999999993,"201494170"
"14969",Mad River,41.574399999999997,-72.988399999999999,"201494164"
"15583",Mad River,41.541300000000000,-73.008899999999997,"201494575"
"14285",Mad River,41.560299999999998,-73.002899999999997,"201494575"
"15093",Fenton River,41.810800000000000,-72.220799999999997,"201489235"
"15092",Fenton River,41.833500000000001,-72.242900000000006,"201488927"
"15990",Spice Brook,41.845900000000000,-72.386499999999998,"201489120"
"14156",Comstock Brook,41.196100000000001,-73.435400000000001,"201496901"
"15857",Mill River,41.152099999999997,-73.272599999999997,"201496934"
"15858",Cricker Brook,41.198399999999999,-73.264700000000005,"201496831"
"14445",Saugatuck River,41.169300000000000,-73.367000000000004,"201496948"
"15357",Sasco Brook,41.145699999999998,-73.301199999999994,"201496958"
"15966",Mill Brook,41.856900000000003,-72.650099999999995,"201489684"
"14576",Sawmill Brook,41.600800000000000,-72.714100000000002,"201493403"
"15413",Belcher Brook,41.604999999999997,-72.757700000000000,"201493424"
"15965",Meadow Brook,41.587100000000000,-72.386799999999994,"201492658"
"16025",Muddy Brook,41.127600000000001,-73.329400000000007,"201497038"
"16002",Pemberwick Brook,41.027400000000000,-73.661000000000001,"201497249"
"15999",Silver Brook,41.266500000000001,-73.004900000000006,"201496532"
"15530",Weekeepeemee River,41.557499999999997,-73.215500000000006,"201494779"
"15854",Muddy River,41.415100000000002,-72.801199999999994,"201495523"
"15855",Willow Brook (Hamden)-01,41.447200000000002,-72.908299999999997,"201495256"
"15087",Muddy River,41.366799999999998,-72.854299999999995,"201495854"
"15997",Town Farm Brook,41.556199999999997,-73.391199999999998,"201495161"
"15065",Farm River,41.279100000000000,-72.867199999999997,"201496352"
"16022",Weekeepeemee River,41.585599999999999,-73.229200000000006,"201494535"
"15138",Bantam River,41.730499999999999,-73.186800000000005,"201492718"
"16028",Carse Brook,41.855200000000004,-73.375500000000002,"201491526"
"15860",West Branch Naugatuck River,41.798000000000002,-73.117699999999999,"201491669"
"14804",Mill Brook,41.880400000000002,-73.331000000000003,"201491115"
"16003",Nickelmine Brook,41.819899999999997,-73.146100000000004,"201491449"
"16035",Nickelmine Brook,41.834200000000003,-73.178600000000003,"201491345"
"15169",Roaring Brook,41.759399999999999,-72.880799999999994,"201491654"
"15043",Furnace Brook,41.821199999999997,-73.371300000000005,"201491966"
"14222",Hancock Brook,41.579900000000002,-73.049700000000001,"201494223"
"14223",Hancock Brook,41.588500000000003,-73.050299999999993,"201494223"
"14248",Hop Brook,41.498699999999999,-73.053700000000006,"201495033"
"14792",Long Meadow Pond Brook,41.486400000000003,-73.055599999999998,"201495150"
"14129",Beacon Hill Brook,41.468400000000003,-73.050100000000000,"201495297"
"14471",Tenmile River,41.666400000000003,-73.511899999999997,"201494244"
"15529",Macedonia Brook,41.729799999999997,-73.488399999999999,"201493447"
"14172",Deep Brook,41.413100000000000,-73.282300000000006,"201496121"
"14984",Coppermine Brook,41.674599999999998,-72.906800000000004,"201492749"
"15856",Misery Brook,41.569899999999997,-72.873300000000000,"201493949"
"15964",Thompson Brook,41.768099999999997,-72.849699999999999,"201491415"
"15319",Nod Brook,41.815800000000003,-72.829400000000007,"201490889"
"15859",Means Brook,41.293100000000003,-73.144199999999998,"201496485"
"16029",padanaram brook,41.398699999999998,-73.455299999999994,"201496286"
"15531",Leadmine Brook,41.716400000000000,-73.060400000000001,"201492679"
"15035",Spruce Brook,41.747199999999999,-73.114999999999995,"201492341"
"14209",Fulling Mill Brook,41.502099999999999,-73.047100000000000,"201495008"
"14145",Branch Brook,41.643400000000000,-73.081000000000003,"201493559"
"16049",Naugatuck River,41.741199999999999,-73.114800000000002,"201492438"
"16050",Naugatuck River,41.748500000000000,-73.112899999999996,"201492329"
"14553",Norwalk River,41.260399999999997,-73.436700000000002,"201496760"
"14366",Norwalk River,41.246000000000002,-73.434100000000001,"201496832"
"16113",Hungerford Brook,41.425500000000000,-72.409400000000005,"201494629"
"16112",Hemlock Valley Brook,41.428300000000000,-72.422600000000003,"201494712"
"16119",Day Pond Brook,41.562300000000000,-72.433800000000005,"201493154"
"16121",Flat Brook,41.554400000000001,-72.452299999999994,"201493246"
"16111",Beaver Meadow Brook,41.455199999999998,-72.528800000000004,"201494547"
"16110",Mott Hill Brook,41.661499999999997,-72.536500000000004,"201492240"
"16076",Housatonic River,41.767299999999999,-73.437899999999999,"201492784"
"16120",Elbow Brook,41.521099999999997,-72.486900000000006,"201493694"
"16065",Housatonic River,41.814799999999998,-73.376000000000005,"201492073"
"14422",Quinnipiac River,41.491199999999999,-72.817400000000006,"201494740"
"15892",Shetucket River,41.617500000000000,-72.084999999999994,"201491517"
"14424",Quinnipiac River,41.643999999999998,-72.874499999999998,"201493162"
"16128",Stonehouse Brook,41.781199999999998,-72.150899999999993,"201489426"
"16124",Flat Brook,41.938248999999999,-73.321123000000000,"201490398"
"15176",Natchaug River,41.756900000000002,-72.152299999999997,"201489845"
"16114",Rugg Brook,41.932800000000000,-73.121399999999994,"201489974"
"16116",Kettle Brook,41.932400000000001,-72.944199999999995,"201489446"
"16127",Jakes Brook,41.864151000000000,-73.167441999999994,"201490956"
"15312",Beaver Brook,41.409951999999997,-72.329059000000001,"201494645"
"15501",Cedar Pond Brook,41.411900000000003,-72.312799999999996,"201494614"
"15796",PENDLETON HILL BROOK,41.474800000000002,-71.834199999999996,"201492977"
"16064",Umpawaug Pond Brook,41.316899999999997,-73.444299999999998,"201496612"
"15315",Burnham Brook,41.460299999999997,-72.334299999999999,"201494065"
"16123",Muddy Brook,41.475600000000000,-72.341999999999999,"201493893"
"16122",Early Brook,41.497799999999998,-72.343500000000006,"201493654"
"16143",Little River,41.293100000000003,-73.367800000000003,"201496681"
"16063",Marshepaug River,41.779400000000003,-73.266300000000001,"201492403"
"16109",Gardner Brook,41.864199999999997,-72.159800000000004,"201488230"
"16108",Knowlton Brook,41.849200000000003,-72.178299999999993,"201488530"
"15370",Saugatuck River,41.192700000000002,-73.361699999999999,"201496890"
"15375",Aspetuck River,41.176900000000003,-73.357900000000001,"201496904"
"15364",West Branch Saugatuck River,41.171799999999998,-73.364300000000000,"201496923"
"16141",Pequonnock River,41.253399999999999,-73.205900000000000,"201496673"
"14290",Menunketesuck River,41.356499999999997,-72.540499999999994,"201495463"
"16131",Chatfield Hollow Brook,41.331400000000002,-72.594999999999999,"201495725"
"16138",Wepawaug River,41.329700000000003,-73.029600000000002,"201496249"
"16137",Indian River,41.265099999999997,-73.012900000000002,"201496531"
"14431",Rippowam River,41.113399999999999,-73.547100000000000,"201497129"
"15066",Patton Brook,41.646200000000000,-72.860100000000003,"201493232"
"16133",Wharton Brook,41.432400000000001,-72.832099999999997,"201495315"
"15193",Honeypot Brook,41.539600000000000,-72.878900000000002,"201494751"
"16066",Farmington River,41.914000000000001,-72.765000000000001,"201489300"
"16136",Wintergreen Brook,41.345799999999997,-72.958500000000001,"201496082"
"16139",Brown Brook,41.926699999999997,-73.279899999999998,"201490357"
"16240",Farm River,41.281399999999998,-72.866100000000003,"201496352"
"15067",Farm River,41.352400000000003,-72.807299999999998,"201495865"
"14554",Norwalk River,41.226799999999997,-73.424599999999998,"201496832"
"14555",Norwalk River,41.163899999999998,-73.419300000000007,"201496962"
"16205",Norwalk River,41.123100000000001,-73.424999999999997,"201497068"
"16146",East Branch Byram River,41.061199999999999,-73.674800000000005,"201497230"
"16145",Horseneck Brook,41.021999999999998,-73.632800000000003,"201497254"
"16135",Sargent River,41.427199999999999,-72.989900000000006,"201495669"
"16140",Bruce Brook,41.189900000000002,-73.155100000000004,"201496858"
"16082","Bunnell Brook (""Burlington Brook"")",41.783299999999997,-72.924700000000001,"201491410"
"15571",Cherry Brook,41.836500000000001,-72.929500000000004,"201490704"
"16370",Bunnell Brook,41.780700000000003,-72.962999999999994,"201491607"
"16316",Jim Brook,41.837699999999998,-72.881699999999995,"201491183"
"14983",Salmon Brook,41.718100000000000,-72.613299999999995,"201491557"
"16352",Lydall Brook,41.795200000000001,-72.521500000000003,"201490260"
"16289",Staddle Brook,41.726999999999997,-72.378200000000007,"201490815"
"16300",Hop River,41.771200000000000,-72.408900000000003,"201490315"
"16313",Mad River,41.947699999999998,-73.144400000000005,"201489714"
"15678",Sandy Brook,42.010899999999999,-73.088800000000006,"201488629"
"16089",Morgan Brook,41.908600000000000,-73.000699999999995,"201489944"
"15768",Mallory Brook,41.911299999999997,-73.026300000000006,"201489951"
"16400",North Branch Park River,41.796999999999997,-72.719999999999999,"201490706"
"16312",Mad River,41.945799999999998,-73.128600000000006,"201489657"
"16321",Bass Brook,41.693100000000001,-72.758700000000005,"201492236"
"16308",Stony Brook,41.972299999999997,-72.657399999999996,"201488077"
"15171",East Branch Salmon Brook,41.954999999999998,-72.779399999999995,"201488786"
"16323",Coginchaug River,41.539400000000001,-72.685800000000000,"201493911"
"14551",Coginchaug River,41.443500000000000,-72.688199999999995,"201495007"
"16044",Chatfield Hollow Brook,41.374200000000002,-72.593000000000004,"201495396"
"15825",West Branch Farmington River,41.916800000000002,-72.989000000000004,"201489809"
"16258",West Branch Farmington River,41.973500000000001,-73.020899999999997,"201488988"
"16225",Farmington River,41.901499999999999,-72.670800000000000,"201489095"
"14251",Housatonic River,41.880600000000001,-73.365399999999994,"201491264"
"14687",Blackberry River,42.023955000000001,-73.327635999999998,"201489143"
"16327",Housatonic River,41.850800000000000,-73.375799999999998,"201491633"
"16310",Broad Brook,41.919199999999996,-72.498000000000005,"201488389"
"15221",Scantic River,41.981999999999999,-72.540700000000001,"201487608"
"16322",Ogden Brook,41.845599999999997,-72.481600000000000,"201489384"
"16345",Sasco Brook  tributary to,41.181699999999999,-73.314200000000000,"201496880"
"14250",South Fork Hockanum River,41.776699999999998,-72.561199999999999,"201490718"
"16071",Hockanum River,41.787399999999998,-72.551000000000002,"201490463"
"16317",Coppermine Brook,41.713700000000003,-72.926100000000005,"201492318"
"16301",Pequabuck River,41.669800000000002,-72.927199999999999,"201492869"
"16336",Hatchery Brook,41.622000000000000,-72.769700000000000,"201493590"
"16090",North Branch Park River,41.767200000000003,-72.703299999999999,"201491153"
"15250",Mattabesset River,41.638300000000001,-72.733300000000000,"201492833"
"15406",Little Brook,41.642400000000002,-72.720699999999994,"201492710"
"14549",Belcher Brook,41.616500000000002,-72.757999999999996,"201493191"
"15333",Webster Brook,41.640500000000003,-72.742099999999994,"201492832"
"16410",Roaring Brook No 2,41.424399999999999,-72.408400000000000,"201494648"
"15179",Eightmile River,41.467100000000002,-72.337199999999996,"201494064"
"16343",Green Fall River,41.452300000000001,-71.808999999999997,"201492972"
"16320",Sumner Brook,41.549300000000002,-72.641599999999997,"201493835"
"16311",Reservoir Brook,41.608899999999998,-72.599900000000005,"201492892"
"16331",Sumner Brook,41.483499999999999,-72.637500000000003,"201494530"
"16324",Dickinson Creek,41.557499999999997,-72.441999999999993,"201493175"
"16070",Pine Brook,41.518300000000004,-72.500100000000003,"201493933"
"14401",Pocotopaug Creek,41.535200000000003,-72.518199999999993,"201493641"
"16342",Blackledge River,41.681399999999996,-72.462999999999994,"201491666"
"14281",Lyman Brook,41.607700000000001,-72.426299999999998,"201492526"
"16416",Delphi Brook,42.021099999999997,-72.251700000000000,"201486194"
"16417",Furnace Brook,41.993400000000001,-72.269499999999994,"201486619"
"16418",Furnace Brook,41.993699999999997,-72.276700000000005,"201486669"
"14215",Furnace Brook,41.967900000000000,-72.297899999999998,"201487329"
"16419",Furnace Brook,41.959899999999998,-72.299400000000006,"201487329"
"14656",Furnace Brook,41.955399999999997,-72.301299999999998,"201487329"
"16411",Mill River,41.389299999999999,-72.893000000000001,"201495824"
"16412",Mill River,41.392499999999998,-72.891000000000005,"201495824"
"16414",Mill River,41.403799999999997,-72.894000000000005,"201495824"
"16413",Mill River,41.397199999999998,-72.892799999999994,"201495824"
"15177",Mill River,41.421100000000003,-72.902199999999993,"201495503"
"16415",Mill River,41.414099999999998,-72.894999999999996,"201495503"
"16126",Hall Meadow Brook,41.886099999999999,-73.168899999999994,"201490600"
"15794",West Branch Farmington River,41.873199999999997,-72.964799999999997,"201490353"
"16338",West Branch Naugatuck River,41.856099999999998,-73.160200000000003,"201490987"
"15151",Little River,41.911999999999999,-71.916300000000007,"201486818"
"16340",Saugatuck River,41.322000000000003,-73.422899999999998,"201496597"
"16333",Bullet Hill Brook,41.482599999999998,-73.220500000000001,"201495451"
"17299",Cuff Brook,41.540900000000001,-72.948499999999996,"201494453"
"16334",Nonewaug River,41.625500000000002,-73.159300000000002,"201493939"
"15783",Eagleville Brook,41.788200000000003,-72.277600000000007,"201489732"
"15302",Eagleville Brook,41.804000000000002,-72.266000000000005,"201489553"
"14585",Skungamaug River,41.765900000000002,-72.392700000000005,"201490417"
"15210",Beaver Brook,41.684100000000001,-72.109200000000001,"201490737"
"15301",Eagleville Brook,41.806699999999999,-72.264600000000002,"201489553"
"16325",Willow Brook,41.542499999999997,-72.770700000000005,"201494495"
"16246",Fivemile River,41.986499999999999,-71.815399999999997,"201485363"
"16243",Fivemile River,41.917999999999999,-71.829999999999998,"201486563"
"16288",Branch Brook,41.919899999999998,-72.125600000000006,"201487443"
"16106",Branch Brook,41.910800000000002,-72.124499999999998,"201487443"
"16303",Moosup River,41.697699999999998,-71.822999999999993,"201489745"
"14296",Mill Brook,41.667000000000002,-71.922700000000006,"201490493"
"16304",Quinebaug River,41.780900000000003,-71.900999999999996,"201488745"
"15720",Blackwell Brook,41.789600000000000,-71.972300000000004,"201488837"
"14999",North Running Brook,41.964500000000001,-71.965699999999998,"201486380"
"14199",Fenton River,41.863000000000000,-72.240200000000002,"201488607"
"15711",Little River,41.756100000000004,-72.047300000000007,"201489524"
"17300",Cabin Brook,41.560499999999998,-72.316699999999997,"201492868"
"18209",Cabin Brook,41.560519999999997,-72.330770999999999,"201492873"
"15752",Eagleville Brook,41.808900000000001,-72.263300000000001,"201489553"
"16341",Nod Brook,41.828600000000002,-72.866699999999994,"201490653"
"16319",Pequabuck River,41.670800000000000,-72.977400000000003,"201493039"
"15184",Roaring Brook,41.664299999999997,-72.597700000000003,"201492214"
"15276",Hunts Brook,41.400100000000002,-72.115300000000005,"201494297"
"14667",Sasco Brook,41.152799999999999,-73.305999999999997,"201496958"
"16298",Stony Brook,41.471600000000002,-72.118200000000002,"201493599"
"16204",Steele Brook,41.617500000000000,-73.131000000000000,"201493944"
"16346",Norwalk River,41.170299999999997,-73.417199999999994,"201496951"
"14723",Fenger Brook,41.321899999999999,-72.105400000000003,"201495177"
"16295",Latimer Brook,41.369500000000002,-72.200199999999995,"201494812"
"16930",Oil Mill Brook,41.375557999999998,-72.190655000000007,"201494764"
"16307",Long Hill Brook,41.540799999999997,-72.653000000000006,"201493840"
"15901",Pond Meadow Brook,41.377699999999997,-72.594600000000000,"201495357"
"16078",South Mountain Brook,41.662100000000002,-72.947000000000003,"201493051"
"16261",Aspetuck River,41.277099999999997,-73.327500000000001,"201496713"
"16326",Wharton Brook  tributary to,41.430900000000001,-72.819599999999994,"201495248"
"16337",Beaver Brook,41.335099999999997,-73.076599999999999,"201496262"
"17640",Kent Falls Brook,41.762920000000001,-73.399134000000004,"201492774"
"15044",Kent Falls Brook,41.776899999999998,-73.419200000000004,"201492773"
"15244",Cobble Brook,41.721699999999998,-73.457200000000000,"201493407"
"15510",Cobble Brook,41.745399999999997,-73.454200000000000,"201493153"
"15239",East Branch Byram River,41.099499999999999,-73.683199999999999,"201497182"
"17321",East Spring Brook,41.612099999999998,-73.176100000000005,"201494132"
"16431",Sprain Brook,41.569600000000001,-73.225899999999996,"201494699"
"16335",Nonewaug River (Nonnewaug River),41.578299999999999,-73.174499999999995,"201494501"
"16332",East Aspetuck River,41.654600000000002,-73.378500000000003,"201494139"
"15581",Pond Brook,41.459699999999998,-73.327500000000001,"201495754"
"14813",Blackberry River,42.006500000000003,-73.234300000000005,"201489083"
"16718",HALFWAY RIVER,41.388599999999997,-73.193600000000004,"201496123"
"15994",Eightmile Brook,41.384200000000000,-73.164199999999994,"201496076"
"16103",Guinea Brook,41.823993999999999,-73.430092000000002,"201492094"
"15507",Guinea Brook,41.814399999999999,-73.376900000000006,"201492072"
"18123",Northfield Brook,41.673699999999997,-73.085300000000004,"201493214"
"15253",West Branch Bantam River,41.758000000000003,-73.186099999999996,"201492360"
"15516",Valley Brook,42.031500000000001,-72.931799999999996,"201487873"
"16387",Hurricane Brook,42.033000000000001,-72.920699999999997,"201487966"
"15240",Hubbard Brook,42.035600000000002,-72.938400000000001,"201487872"
"16748",HOP BROOK,41.530299999999997,-73.102800000000002,"201494830"
"17637",Hop Brook,41.560274000000000,-73.116705999999994,"201494665"
"15132",Hop Brook,41.521400000000000,-73.077799999999996,"201494878"
"15998","Town Farm Brook (""Clatter Valley Brook"")",41.547699999999999,-73.388900000000007,"201495161"
"15577",Kettletown Brook,41.427000000000000,-73.206000000000003,"201495881"
"17708",Silver Brook,41.272199999999998,-73.000799999999998,"201496471"
"17610",Silver Brook,41.280797999999997,-72.999270999999993,"201496455"
"15580",Town Farm Brook,41.564799999999998,-73.393600000000006,"201495161"
"17707",West River,41.363999999999997,-72.979399999999998,"201496019"
"15886",HOUSATONIC RIVER,41.647500000000001,-73.483800000000002,"201494368"
"17409",Saw Mill Brook,41.575699999999998,-73.499499999999998,"201495052"
"15102",Means Brook,41.319099999999999,-73.161799999999999,"201496420"
"16938",South Branch Park River,41.733899999999998,-72.711699999999993,"201491587"
"16971",PIPER BROOK,41.712200000000003,-72.736900000000006,"201491881"
"17174",WASH BROOK,41.825000000000003,-72.738600000000005,"201490441"
"17728",Trout Brook,41.765880000000003,-72.760329999999996,"201491349"
"17568",Sherman Brook,41.576275000000003,-72.287583999999995,"201492562"
"16535",BUCK BROOK,41.622799999999998,-72.558000000000007,"201492640"
"16734",Hempstead Brook,41.372199999999999,-72.045599999999993,"201494449"
"17530",Haleys Brook,41.387120000000003,-71.976820000000004,"201494151"
"15679",Center Brook,42.001100000000001,-73.082400000000007,"201488869"
"16758",HOWELL'S BROOK,42.007800000000003,-73.004199999999997,"201488481"
"16373",East Mountain Brook,41.877200000000002,-72.977800000000002,"201490300"
"15792",West Branch Farmington River,41.960200000000000,-73.017799999999994,"201489173"
"17007",ROARING BROOK,41.439700000000002,-72.477800000000002,"201494590"
"16846",MILL CREEK,41.464399999999998,-72.509200000000007,"201494405"
"17061",SPRING LOT BROOK,41.301900000000003,-72.456900000000005,"201495731"
"16505",BIBLE ROCK BROOK,41.497500000000002,-72.606399999999994,"201494232"
"15570",Ratlum Brook,41.872300000000003,-72.956100000000006,"201490308"
"16385",Beaver Brook,41.932000000000002,-72.975399999999993,"201489853"
"15749",Eagleville Brook,41.806899999999999,-72.264300000000006,"201489553"
"15386",Roberts Brook (Mirror Lake outlet),41.814999999999998,-72.231899999999996,"201489256"
"15520",Bonemill Brook,41.924999999999997,-72.316199999999995,"201487754"
"16080",West Branch Salmon Brook,41.974499999999999,-72.896000000000001,"201488641"
"15499",West Branch Salmon Brook,41.940959999999997,-72.834301999999994,"201489026"
"16501",BELDEN BROOK,42.012200000000000,-72.877499999999998,"201488089"
"17556",Bolton Pond Brook,41.796962000000001,-72.424779999999998,"201490223"
"17186",WEWAKA BROOK,41.487800000000000,-73.350800000000007,"201495637"
"15313",Harris Brook,41.473300000000002,-72.285100000000000,"201493809"
"16528",BRANCH BROOK,41.395778999999997,-72.721260000000001,"201495579"
"16583",COMSTOCK BROOK,41.212499999999999,-73.462199999999996,"201496877"
"14556",Silvermine River,41.136099999999999,-73.434600000000003,"201497050"
"17746",Anguilla Brook,41.365662000000000,-71.866135000000000,"201494202"
"17201",Willys Meadow Brook,41.381100000000004,-72.187799999999996,"201494660"
"16079",Pendleton Hill Brook,41.478099999999998,-71.835400000000007,"201492977"
"17211",Wyassup Brook,41.450600000000001,-71.844399999999993,"201493085"
"16594",Cranberry Meadow Brook,41.405177000000002,-72.225707999999997,"201494496"
"18496",Mill River,41.302129999999998,-73.274150000000006,"201496555"
"15254",West Branch Bantam River,41.812399999999997,-73.234200000000001,"201491795"
"18498",West Branch Bantam River,41.788153000000001,-73.218770000000006,"201492057"
"16144",Aspetuck River,41.307600000000001,-73.331999999999994,"201496625"
"16260",Aspetuck River,41.258899999999997,-73.324700000000007,"201496713"
"16259",Aspetuck River,41.213200000000001,-73.329099999999997,"201496817"
"15380",Aspetuck River,41.228700000000003,-73.324100000000001,"201496795"
"16276",Latimer Brook,41.437500000000000,-72.225300000000004,"201494100"
"16130",Menunketesuck River,41.307200000000002,-72.505600000000001,"201495814"
"18468",Joe Clark Brook,41.484687000000001,-72.041300000000007,"201493180"
"18515",Menunketesuck River  Unnamed Tributary to,41.356489000000003,-72.536492999999993,"201495464"
"16296",fourmile river,41.320799999999998,-72.257499999999993,"201495455"
"16142",Saugatuck River,41.328477999999997,-73.449141999999995,"201496574"
"15121",Pequonnock River,41.278900000000000,-73.220299999999995,"201496607"
"17448",Pequonnock River,41.320399999999999,-73.240499999999997,"201496478"
"17455",West Branch Pequonnock River,41.301000000000002,-73.248900000000006,"201496518"
"18509","South Fork Hockanum River (""Hop Brook"")",41.762739000000003,-72.516012000000003,"201490699"
"16088",Lebanon Brook,41.994500000000002,-72.083600000000004,"201486031"
"15714",Cedar Swamp Brook,41.816400000000002,-72.278999999999996,"201489354"
"18685",Wash Brook,41.819229000000000,-72.739278999999996,"201490519"
"18784",Quinebaug River,41.747064000000002,-71.915091000000004,"201489498"
"15540",Hop Brook,41.504899999999999,-73.058400000000006,"201495005"
"17427",East Branch Stonehouse Brook,41.818600000000004,-72.131600000000006,"201488910"
"16299",Hunts brook,41.429299999999998,-72.171999999999997,"201494104"
"16015",Murphy Brook,41.782800000000002,-72.039800000000000,"201489149"
"17405",Roaring Brook,41.981800000000000,-72.221500000000006,"201486665"
"14885",Pequabuck River,41.674300000000002,-72.956000000000003,"201492931"
"15567",Pease Brook,41.580700000000000,-72.186999999999998,"201492270"
"15776",East Branch Mount Hope,41.881000000000000,-72.159999999999997,"201487985"
"16704",Great Meadow Brook,41.600000000000001,-71.837500000000006,"201491285"
"18789",Muddy River,41.398122999999998,-72.815118999999996,"201495523"
"17169",Waldo Brook,41.654699999999998,-72.098600000000005,"201491048"
"16679",Fry Brook,41.683100000000003,-71.905799999999999,"201490337"
"16599",CROSS BROOK,41.592500000000001,-73.396900000000002,"201494769"
"18884",Shepaug River,41.639139999999998,-73.321380000000005,"201494283"
"18159",West Branch Farmington River,41.945160000000001,-73.016739999999999,"201489406"
"15703",West Branch Salmon Brook,41.959200000000003,-72.846900000000005,"201488899"
"18875",Walker Brook,41.598458999999998,-73.347537000000003,"201494673"
"16221",Farmington River,41.720999999999997,-72.846400000000003,"201492021"
"15837",Farmington River,41.839500000000001,-72.934600000000003,"201490703"
"16239",West Branch Farmington River,41.878000000000000,-72.965000000000003,"201490353"
"17271",Cherry Brook,41.873300000000000,-72.906300000000002,"201490206"
"16885",Natchaug River,41.726100000000002,-72.199700000000007,"201490531"
"16928",Obwebetuck Brook,41.691099999999999,-72.180599999999998,"201490768"
"18874",Weekeepeemee River,41.567200999999997,-73.218045000000004,"201494779"
"16984",PURCHASE BROOK,41.468600000000002,-73.291100000000000,"201495651"
"16881",MUNGER BROOK,41.340299999999999,-72.753600000000006,"201495858"
"14308",Muddy River,41.368499999999997,-72.841700000000003,"201495803"
"16202",Coginchaug River,41.566600000000001,-72.664400000000001,"201493624"
"18463",Fivemile River,41.126849999999997,-73.471010000000007,"201497080"
"16254",Shepaug River,41.656799999999997,-73.317999999999998,"201493868"
"18935",Saugatuck River,41.232320000000001,-73.345100000000002,"201496825"
"18903",Rock Brook,41.772056999999997,-73.038066000000001,"201491841"
"18883",East Branch Naugatuck River,41.857830000000000,-73.129130000000004,"201490898"
"17398",Freeman Hill Brook (formerly Negro Hill Brook),41.725400000000000,-72.950000000000003,"201492280"
"16191",Hall Meadow Brook,41.917299999999997,-73.194900000000004,"201490289"
"15993",Naugatuck River,41.717399999999998,-73.086699999999993,"201492618"
"18877",Leadmine Brook,41.721100000000000,-73.057689999999994,"201492557"
"18881",Bantam River,41.704670000000000,-73.250180000000000,"201493308"
"18876",Curtiss Brook,41.320700000000002,-73.099379999999996,"201496385"
"16268",Farmill River,41.287999999999997,-73.146100000000004,"201496520"
"18931",Naugatuck River,41.411667000000001,-73.070549999999997,"201495805"
"17565",Long Branch Brook,42.011960000000002,-71.871900999999994,"201485081"
"18932",French River,41.963157000000002,-71.890150000000006,"201486242"
"17295",Bigelow Brook,41.918199999999999,-72.139799999999994,"201487396"
"17816",INDIAN HUT BROOK,41.902760000000001,-72.063980000000001,"201487488"
"15201",Spoonshop Brook,41.545673000000001,-72.765548999999993,"201494038"
"16440",Fawn Brook,41.648299999999999,-72.399299999999997,"201491962"
"18429",Still Brook,41.723260000000003,-73.246930000000006,"201492947"
"15719",Blackwell Brook,41.784300000000002,-71.962599999999995,"201488882"
"15051",Durkee Brook,41.882899999999999,-71.928600000000003,"201487564"
"16972",PITCH BROOK,41.706699999999998,-73.161900000000003,"201492941"
"17852",Shady Oak School House Brook,41.898660000000000,-71.809280000000001,"201486965"
"17181",WEST BRANCH BANTAM RIVER,41.762799999999999,-73.189700000000002,"201492360"
"16588",COOPER POND BROOK,41.274200000000000,-73.464200000000005,"201496741"
"16428",Little River,41.308999999999997,-73.365799999999993,"201496620"
"17342",Ball Pond Brook,41.465000000000003,-73.465000000000003,"201495920"
"16944",PEAKE BROOK,41.930300000000003,-71.943299999999994,"201486746"
"16603",DAY MEADOW BROOK,41.580300000000001,-72.408299999999997,"201492792"
"14523",Burton Brook,41.966700000000003,-73.434100000000001,"201490239"
"19021",Farm Brook,41.822249999999997,-72.543615000000003,"201490010"
"19024",Crystal Lake Brook,41.966805999999998,-72.362172999999999,"201487410"
"18413",Latimer Brook,41.383972999999997,-72.214290000000005,"201494693"
"19026",Horseneck Brook,41.027382000000003,-73.633868000000007,"201497254"
"18867",Blackledge River,41.617547999999999,-72.426253000000003,"201492502"
"19018",Long Meadow Pond Brook,41.495843000000001,-73.098431000000005,"201495129"
"19019",Wachocastinook Creek,41.993088999999998,-73.438412000000000,"201489922"
"16502",BELDEN BROOK,42.005600000000001,-72.850800000000007,"201488090"
"19016",Trout Brook,41.766150000000003,-72.739199999999997,"201491342"
"19017",Todd Hollow Brook,41.654344999999999,-73.036214999999999,"201493364"
"19020",Moosehorn Brook,41.570870999999997,-73.327090999999996,"201494875"
"17990",Moodus River,41.505470000000003,-72.448390000000003,"201493892"
"18871",Moodus River,41.508589999999998,-72.448260000000005,"201493892"
"16860",MOODUS RIVER,41.511099999999999,-72.437500000000000,"201493742"
"15689",Moodus River,41.495899999999999,-72.459900000000005,"201493910"
"19025",Menunketesuck River,41.382789000000002,-72.552638999999999,"201495305"
"19120",Bullet Hill Brook,41.480238999999997,-73.212100000000007,"201495452"
"19049",Bullet Hill Brook,41.479270999999997,-73.214436000000006,"201495452"
"19121",Bullet Hill Brook,41.484940000000002,-73.194249999999997,"201495444"
"19644",Fenton River,41.893756000000003,-72.232191000000000,"201488042"
"19639",Skungamaug River,41.763350000000003,-72.393060000000006,"201490417"
"19699",Rippowam River,41.066398000000000,-73.553839999999994,"201497204"
"19698",Cove River,41.286442999999998,-72.974100000000007,"201496482"
"14828",Farmington River,41.756000000000000,-72.886300000000006,"201491672"
"19700",Beaver Meadow Brook,41.452289999999998,-72.536050000000003,"201494722"
"19693",Pequabuck River,41.681840000000001,-73.016300000000001,"201492970"
"14669",French River,41.978099999999998,-71.900800000000004,"201485876"
"19697",Mashamoquet Brook,41.854810000000001,-71.950450000000004,"201487773"
"19682",Sixmile Brook,41.406776000000001,-73.144739000000001,"201495947"
"19696",Whiting River  Unnamed tributary to,42.034329999999997,-73.268021000000005,"201488844"
"19681",Merrick Brook,41.697254999999998,-72.084129000000004,"201490689"
"19655",Bradley Brook,41.991852000000002,-72.810503999999995,"201488193"
"16863",MOOSEHORN BROOK,41.578099999999999,-73.317499999999995,"201494875"
"19679",Leadmine Brook,41.757890000000003,-73.061419999999998,"201492161"
"19692",Nepaug River,41.820653000000000,-72.970100000000002,"201490992"
"19657",Bunnell Brook,41.786254999999997,-72.964622000000006,"201491607"
"16962",PHELPS BROOK,41.799810999999998,-72.964813000000007,"201491329"
"14548",Mattabesset River,41.604100000000003,-72.714600000000004,"201493218"
"19931",Charters Brook,41.903266000000002,-72.405559999999994,"201488403"
"16873",MOUNT HOPE RIVER,41.881399999999999,-72.163899999999998,"201487984"
"19938",Mint Brook,41.640569999999997,-72.338880000000003,"201491867"
"18447",West River,41.331159999999997,-72.706599999999995,"201495968"
"19940",Gunn Brook,41.800009000000003,-73.379019999999997,"201492296"
"19933",Thompson Brook,41.401930000000000,-72.044269999999997,"201494128"
"19957",Merryall Brook,41.651682000000001,-73.446680000000001,"201494218"
"19955",NNT to Saugatuck River,41.299709000000000,-73.399657000000005,"201496624"
"19956",Limekiln Brook,41.391945000000000,-73.390853000000007,"201496267"
"15274",Sargent River,41.384000000000000,-72.988000000000000,"201495851"
"20123",Labonte Brook,41.903590000000001,-72.307699999999997,"201488169"
"18921",Shepaug River  Unnamed Tributary to,41.605670000000003,-73.339669999999998,"201494520"
"20127",Pequabuck River,41.670147000000000,-72.969138999999998,"201492974"
"16649",FARMILL RIVER,41.263300000000001,-73.104699999999994,"201496584"
"20129",Ocain Brook,41.899369000000000,-73.264893000000001,"201490713"
"20249",Gillette Brook,41.558656999999997,-72.366590000000002,"201493069"
"17366",Fawn Hill Brook,41.612499999999997,-72.474100000000007,"201492560"
"20206",Gillette Brook,41.578831000000001,-72.369715999999997,"201493069"
"14773",Fenger Brook,41.340400000000002,-72.121799999999993,"201494955"
"20252",Shady Brook,41.499963000000001,-72.444000000000003,"201493853"
"18671",Strongs Brook,41.445000000000000,-72.328000000000003,"201494237"
"15136",Hunts Brook,41.400900000000000,-72.119399999999999,"201494297"
"20251",Buell Brook,41.521299999999997,-72.438599999999994,"201493671"
"15294",Norwalk River,41.195399999999999,-73.432100000000005,"201496921"
"16788",KEELER BROOK,41.091999999999999,-73.439700000000002,"201497140"
"17324",Latimer Brook,41.407299999999999,-72.221699999999998,"201494497"
"20236",Goshen Brook,41.574706999999997,-72.232676999999995,"201492503"
"14261",Kahn Brook,41.579099999999997,-72.166100000000000,"201492401"
"20128",Susquetonscut Brook,41.580635000000001,-72.139504000000002,"201492181"
"18818",Hedge Brook,41.453234999999999,-72.338712999999998,"201494194"
"20124",NNT to Sucker Brook,41.916857999999998,-73.115358999999998,"201490096"
"20122",Deming Brook,41.970554999999997,-73.294685999999999,"201489964"
"20325",Quinnipiac River,41.671559999999999,-72.837725000000006,"201492644"
"14799",Steele Brook,41.604199999999999,-73.112700000000004,"201494161"
"20320",North Brook,42.006715999999997,-73.223723000000007,"201489059"
"20319",East Branch Shepaug River  Unnamed tributary to,41.827435999999999,-73.289135999999999,"201491706"
"20318",Pickett Brook,41.762732000000000,-73.110033999999999,"201492179"
"16656",FENN BROOK,41.566899999999997,-73.325500000000005,"201494942"
"20324",Walker Brook,41.596499999999999,-73.347069000000005,"201494673"
"15996",Fenn Brook,41.561000000000000,-73.313400000000001,"201494942"
"20232",Harbor Brook,41.539360000000002,-72.798747000000006,"201494376"
"15397",Silvermine River,41.148299999999999,-73.442999999999998,"201497045"
"17012","Rockwood Lake outflow; downstream of Rte 15",41.088600000000000,-73.627200000000002,"201497193"
"15079",Norwalk River,41.257399999999997,-73.429000000000002,"201496832"
