HydroID,slp_mean
"201484795",11.060096782764951
"201484922",10.299939024115078
"201485478",9.516346155214356
"201485081",9.854341765173023
"201485363",9.850330191217635
"201485450",9.336806038709303
"201485225",6.560669418317023
"201485482",12.306066614054835
"201485445",8.975213795545796
"201486017",9.885617254041570
"201485561",11.078787308925056
"201485975",11.703507526075851
"201485876",9.966090373928465
"201485903",9.200710452967877
"201485936",7.460160893789567
"201485799",13.497567071448415
"201485997",11.903783070586270
"201485739",12.085349232321489
"201485802",8.898972275742805
"201485809",10.707895441660982
"201485785",10.950067361867031
"201486231",10.987253453258973
"201486187",10.634508437750553
"201486242",9.222952472221630
"201486193",14.738442849385853
"201485990",8.257300417435042
"201486165",13.263654328276031
"201486050",13.959960651151578
"201486031",10.859439231565107
"201486194",12.767250369221701
"201486132",13.785329615461205
"201486380",9.861774872875241
"201486260",8.467016586890953
"201486537",12.328010183020790
"201486157",13.001967351439781
"201486586",11.772729083052820
"201486180",8.178711715434245
"201486241",9.957167966912136
"201486573",8.941099205670961
"201486346",7.646866197845398
"201486498",11.908979791084658
"201486416",17.691755090983321
"201486618",10.423728708377537
"201486684",14.272391745660258
"201486578",10.670129982697290
"201486677",9.375289187635618
"201486563",6.966211857534377
"201486458",14.721356319575531
"201486898",10.268493950664542
"201486513",11.446810319805248
"201487289",6.151873260852394
"201486538",8.531382187598970
"201486825",5.427032169325059
"201486567",14.565618492626061
"201486824",5.618942784522340
"201486668",15.903220430293512
"201486989",8.125314163477960
"201486693",12.247203294321555
"201486594",13.661395290849352
"201486665",10.510297374789788
"201486746",7.673499906853038
"201486699",8.388060506469046
"201487081",12.872399363821049
"201487192",17.070053415771863
"201486619",15.388458558702219
"201486819",9.386315943841527
"201486633",10.058068303599352
"201486669",7.539684657017602
"201486765",14.123309517905350
"201486680",9.835116373651113
"201486965",12.396953483430389
"201486671",10.361447029468073
"201486712",12.521137797235088
"201486884",5.347478235452073
"201486836",11.688813171423378
"201486818",12.575733723991437
"201486914",13.013978953241148
"201486906",9.141470465737973
"201486892",9.814448959695678
"201486864",11.281816987979424
"201487292",5.434925475864606
"201486856",12.595595239737520
"201486885",12.043234078707565
"201486936",10.043598512872636
"201486962",9.451677656014077
"201486927",14.077069970637140
"201487002",7.998704345831329
"201487421",6.618787348063441
"201486934",10.755143864178336
"201487213",7.347983847596941
"201487017",11.653067425153303
"201486998",8.637207305785822
"201486949",12.647402041233516
"201486950",9.833690805717113
"201487016",12.307214471449301
"201487025",3.488569265126404
"201487329",15.265472780993171
"201487076",10.060893096350798
"201487094",10.803090221682828
"201487320",15.513192491919988
"201487269",8.092322521857792
"201487257",5.153452505957683
"201487290",7.809116801473398
"201487177",9.602769394795889
"201487249",11.302109244939434
"201487397",9.150853980139246
"201487237",11.810973914376374
"201487411",8.999959220084932
"201487260",6.783803954829580
"201487359",15.785277911056687
"201487443",10.005683269959478
"201487263",12.876840326442206
"201487396",12.571884403307580
"201487277",13.927363340572176
"201487410",12.587375365211701
"201487336",8.786426616191688
"201487392",10.440507376990208
"201487349",6.687127780155151
"201487298",8.688949652648635
"201487339",7.278062544946895
"201487426",7.914816505413954
"201487564",10.723829949491824
"201487363",7.013242296491667
"201487487",7.731437288223270
"201487365",14.019657729569305
"201487512",4.730022160323138
"201487358",11.569075716452152
"201487459",9.975383033691827
"201487650",21.827336811117835
"201487659",14.666753977079923
"201487558",5.964759482962317
"201487667",11.390022343493195
"201487436",5.204111155798875
"201487571",9.271751022366896
"201487488",6.901150082672123
"201487478",11.782056514287556
"201487448",9.030826610913433
"201487504",8.246534961391148
"201487873",18.522403189324486
"201487540",5.213329489985298
"201487527",13.530325063524792
"201487635",13.049393984856920
"201487586",8.882223259651017
"201487691",7.518107975903972
"201487608",9.686099507825871
"201487614",6.040924678502480
"201487521",8.514206137390991
"201487652",10.750098740920734
"201487661",7.239655681793315
"201487541",15.774272068718986
"201487693",6.600001378114594
"201487666",10.932614078995419
"201487843",7.834097903540124
"201487739",7.479380124527083
"201487888",10.202037523115248
"201487714",10.469829682291799
"201487616",7.950298740182107
"201487681",8.981570429198420
"201487893",11.555194978260865
"201487662",18.254493519800185
"201488165",11.924787415768440
"201487747",15.554509145134546
"201487836",7.107091565358625
"201487664",11.922299453733363
"201487746",15.145424081764954
"201487807",13.633297916126168
"201487719",9.542822102409543
"201487750",9.435134190448927
"201487926",13.341922280486260
"201488193",6.879566011252091
"201487845",8.933665029704303
"201487964",6.108160607707263
"201487866",9.540069508940471
"201487901",6.598930066541733
"201487752",21.165292153893951
"201487760",9.847043565276937
"201487754",11.429213971360868
"201487851",12.597839927447446
"201487804",12.016430567355416
"201487791",14.385473696601311
"201487773",11.853243542972598
"201487907",10.443603316683971
"201487987",10.781375745891335
"201487782",10.672468312438280
"201487874",8.695727396828657
"201487997",12.563767904228690
"201487802",10.575017391125552
"201488129",9.292273199234106
"201487805",10.905607447359850
"201487872",25.415776218012326
"201487786",8.830235173299641
"201487787",3.849428385061703
"201487827",13.165786654863547
"201487844",11.424584330456252
"201487966",22.552850318076612
"201487925",17.436020006094154
"201487918",10.721501795513799
"201487850",13.282741157874083
"201488048",13.556256352284063
"201487876",9.832284197794047
"201487895",10.918877358769183
"201488098",13.724290654209968
"201487963",7.866029439687709
"201487985",9.773153605398781
"201488003",12.301163973696131
"201487995",8.151847785408478
"201487984",8.241306551757411
"201488167",5.433581500273201
"201488200",11.217497229204779
"201487986",7.253216625775221
"201488113",9.524985049858639
"201488042",12.709846218976500
"201488050",7.420462469712485
"201488074",11.730960198184965
"201488138",12.195540404833398
"201488163",14.503569942539192
"201488184",9.814539353356661
"201488020",11.388359974523983
"201487968",14.495162441132512
"201488079",7.718294214192571
"201487996",12.189622582105615
"201488089",16.495141008556526
"201488230",7.877429496778048
"201488090",12.881914005484266
"201488146",11.463416096867119
"201488055",13.186888706969585
"201488148",7.238625427410843
"201488112",11.348366397263742
"201488283",11.825430793200100
"201488185",11.035152767680547
"201488054",12.283715195740870
"201488299",7.601619194018370
"201488100",14.515622740932352
"201488077",7.450692299742513
"201488251",5.975808121490902
"201488476",17.146777468976605
"201488126",15.166299550642181
"201488394",5.950437819990436
"201488301",18.989493114461975
"201488181",5.070480659850885
"201488413",4.606035482287332
"201488777",6.235206323895973
"201488417",6.417016223133385
"201488169",8.275102063839828
"201488242",9.596821279134588
"201488221",12.553761835780975
"201488305",10.406876404854188
"201488270",16.893430888390782
"201488294",11.780107300655349
"201488349",11.130161798170596
"201488243",22.862976916693494
"201488484",8.962254023983174
"201488457",9.904624614538816
"201488458",10.652077495158958
"201488403",9.191587891877644
"201488340",7.683796310543528
"201488535",9.617609834524334
"201488389",7.913044612803205
"201488416",6.330897862206588
"201488364",7.465589780348928
"201488456",7.777155264625207
"201488569",15.000871191924487
"201488481",12.669769483880080
"201488594",13.327788490029052
"201488626",8.546734155230553
"201488370",4.868897162870248
"201488474",18.135093227325683
"201488452",15.545027571534597
"201488492",10.800184864415231
"201488541",9.550434769364122
"201488743",8.120349155323023
"201488432",9.763371163535380
"201488607",12.111788516116993
"201488459",9.205845607633924
"201488932",11.943791995978996
"201488624",7.551539665220244
"201488596",12.305499890524100
"201488748",16.510182682099998
"201488530",9.717467624550160
"201488538",7.339402640993758
"201488852",9.013076650804788
"201488547",11.909852510047902
"201488640",9.562913825549773
"201488553",8.420369398880354
"201489025",12.935715375107483
"201488606",11.264193781819371
"201488696",8.443919651399664
"201488818",11.813880906073768
"201488554",9.843903863310535
"201488694",8.257820895150260
"201488772",10.729496148024296
"201488787",10.293781398602967
"201488625",8.860916395466445
"201488586",12.462685470597604
"201488810",7.238426490347004
"201488585",14.171372962236420
"201488648",10.083267841942639
"201488721",17.561528485151086
"201488786",9.874367686416603
"201488733",11.524970055099331
"201488629",15.806517159671413
"201488660",8.444490490689248
"201488745",9.437984529322037
"201488621",20.923180862958311
"201488641",15.125618381370435
"201488683",6.311270127231318
"201488773",8.501080691558538
"201488712",9.752501516259981
"201488686",10.565785774737737
"201488707",8.381842667286888
"201488858",7.861875639686057
"201488826",8.706334400892997
"201488715",15.438057452993425
"201488844",8.692161037636019
"201488778",7.365399648776610
"201488975",7.599317431166583
"201488899",18.446521829548846
"201488755",24.365947243491199
"201489051",9.248049008095784
"201488910",10.741331186496325
"201488813",20.869165955175564
"201488869",22.081099262660778
"201488821",10.242038317422493
"201488855",3.910639319741060
"201489034",15.500598663619204
"201488862",25.754620629765832
"201488927",11.954943763549009
"201488788",10.195599649142951
"201488891",8.371783297900636
"201488837",12.595091547108025
"201488861",24.774729690729103
"201488834",8.336416386255495
"201488881",22.327959105284727
"201488870",13.238305919834579
"201488988",20.879664643541211
"201488833",6.996059198973191
"201488864",12.468279876375867
"201488882",8.514582855061684
"201488979",7.870826298746647
"201488901",10.212763694297298
"201488848",10.644501279776604
"201489041",11.265712911915577
"201489071",11.701403041803276
"201489133",8.342824135595016
"201488941",12.324025616572818
"201488980",9.365772513413630
"201488888",3.120182640937067
"201489134",7.462977349693410
"201488961",7.607595117196343
"201488996",9.754924305784785
"201489059",21.222361502748875
"201488947",15.584409635647839
"201488950",8.385655938059196
"201488953",23.053743911168581
"201488933",10.847302616368443
"201489107",12.982037260619297
"201489199",10.576223227532630
"201488997",8.349460304124760
"201489026",11.320252441025229
"201489087",8.598973038843326
"201489065",7.858568314485061
"201489080",8.601064120150784
"201489052",8.196644050023169
"201489072",7.622037536007632
"201489057",9.529845113864081
"201489298",16.297441887191159
"201489173",14.204026252187273
"201489441",13.394020935356417
"201489327",10.939012239763473
"201489079",9.492029429296672
"201489111",13.320366468041479
"201489043",20.368773429039503
"201489056",11.679344649394487
"201489143",17.495233141820187
"201489086",8.360442911160352
"201489149",8.632383750908160
"201489158",13.134528286305276
"201489211",9.658393947435513
"201489083",22.603175215388720
"201489457",7.134660908456798
"201489147",12.817370582013217
"201489066",5.316662786416632
"201489256",9.306599710780173
"201489148",10.790261601707478
"201489195",13.121740711962333
"201489169",6.218995067145768
"201489095",10.699452348848721
"201489330",7.771021372898435
"201489136",26.639663623082807
"201489347",13.029550446488772
"201489120",9.013539038309606
"201489459",9.445123574288990
"201489364",5.948824241063194
"201489184",9.586633304987265
"201489132",8.963260165015424
"201489241",7.592007643454370
"201489140",9.260477792505757
"201489177",24.094749720674670
"201489228",24.149713259271657
"201489300",18.620435119945167
"201489261",21.500292631703850
"201489305",24.994211785705890
"201489172",15.861805769040499
"201489316",8.424354435026816
"201489498",7.882610224291542
"201489235",11.902421134176500
"201489411",18.800437038375481
"201489446",18.121212126724888
"201489268",7.447411140483665
"201489248",13.392477504884711
"201489372",8.170727429854995
"201489332",24.703406435015420
"201489385",9.442498564619225
"201489447",13.367408682853174
"201489263",10.543693608046368
"201489252",9.013577393453064
"201489354",7.867467190689514
"201489507",12.087953218549352
"201489553",8.513617625368580
"201489353",9.168186893441257
"201489398",9.116719434219323
"201489619",7.177177742845537
"201489718",4.648014110045599
"201489648",12.835545459583814
"201489585",8.715137911204213
"201489375",12.511925634544498
"201489549",10.081244120209497
"201489427",8.332981979914010
"201489504",11.370372742062463
"201489381",4.687317457437812
"201489578",11.273742517685575
"201489638",8.297980127834933
"201489428",10.674635070787620
"201489388",20.795644135213823
"201489625",14.179745852184656
"201489662",14.521746545468668
"201489393",17.826606811536344
"201489406",26.876919539506307
"201489384",4.891245466739738
"201489444",7.615590624330945
"201489493",21.009589676848222
"201489426",8.856390761329024
"201489408",5.694998846568172
"201489615",6.981058077186170
"201489475",4.710391800995162
"201489489",9.492089963502790
"201490223",7.119659529546513
"201489537",6.643191927899513
"201489491",7.389191431473903
"201489477",11.497471699298567
"201489565",9.225707547854070
"201489612",9.671754649488312
"201489474",17.614887638129744
"201489520",8.713962876955467
"201489869",18.558492923288430
"201489683",20.895168085109347
"201489501",9.784779379518300
"201489524",6.674403830456839
"201489576",12.648847155794472
"201489641",9.473964431323715
"201489820",21.103983085321097
"201489598",10.298474845168872
"201489916",7.491272280252697
"201489530",4.942128461977560
"201489561",7.749882926164822
"201490139",17.935766245363126
"201489534",10.976373214967392
"201489709",7.226965041551749
"201489546",6.162712859139589
"201489964",16.918828501302908
"201489675",13.734779352252925
"201489791",11.215731188491938
"201489777",12.579149985168968
"201489732",10.545349095226266
"201489922",23.230613459704845
"201489809",22.222231799304158
"201489597",6.789623871844342
"201489673",9.919932901558100
"201489682",18.246146569598228
"201489826",10.363659146369068
"201489813",8.904476146627308
"201489713",11.420851887882794
"201489657",17.387485505271766
"201489705",8.743276916889741
"201489664",10.346615545602713
"201489974",17.888638557355385
"201489684",8.382993448250831
"201489800",6.036777769376195
"201489714",17.442694698417913
"201489843",7.232263080490549
"201489763",19.176434638064471
"201489847",10.343429605386156
"201489741",12.594630942212527
"201489766",8.131933928150453
"201489840",6.236832647201193
"201489725",24.092531623194294
"201489879",8.351611268825367
"201489771",19.561217067474001
"201489844",11.261853798482390
"201489751",9.589392012689467
"201489745",12.246451476686012
"201490179",7.025120195764707
"201489929",6.316269900109882
"201489775",21.782176297890199
"201489845",8.334294585467671
"201489837",13.980289728102234
"201489829",7.505515319177918
"201490008",16.304429375758662
"201489865",7.105995945456803
"201489853",14.768991752858572
"201489856",9.581431150324011
"201490025",5.258511188922397
"201489944",17.295552521091054
"201489887",16.037985286079643
"201489946",7.616583797720151
"201490400",19.027944914100345
"201489996",6.642813350549478
"201490183",5.736004206273734
"201490168",6.402089007566182
"201489951",19.348298555394461
"201490316",8.101494715410642
"201490310",9.674008176791725
"201490010",7.353067238398284
"201490154",28.269857167658596
"201489975",10.757831495450761
"201489999",16.340110702333842
"201489967",20.372313852204162
"201489952",10.149003911702318
"201490199",6.384774205557379
"201490335",8.194967193665363
"201489945",7.491755326811998
"201490160",12.106123831590898
"201489987",17.408052589367280
"201490054",18.460192398386898
"201490043",24.039831166604920
"201489965",14.451641105909321
"201489988",14.639570298487040
"201490120",7.512946235861168
"201489957",5.237550467400841
"201490448",8.579050987967388
"201490282",18.394479108810813
"201490308",23.126898459019383
"201490256",10.264996014754036
"201490023",7.024890566408772
"201490133",6.392725399639623
"201490594",5.717049673034614
"201490016",14.931143668020464
"201490167",15.311766209163141
"201490177",3.804632417031651
"201490302",9.617643358812023
"201490150",19.900411723448837
"201490085",17.872182424455438
"201490200",8.865382357997682
"201490412",5.092993236816588
"201490588",8.346601891459891
"201490114",11.930175850085069
"201490096",14.833520895508570
"201490191",9.409528759569524
"201490107",7.906461589915562
"201490244",20.690257700141963
"201490157",9.864170755261364
"201490260",7.759311736618550
"201490441",7.452279645737355
"201490211",16.579814763002279
"201490175",22.715482884161815
"201490398",21.373712326263089
"201490158",12.736884650787722
"201490206",11.196748598207396
"201490239",14.427086824278939
"201490420",7.936620982562146
"201490338",6.747489669964720
"201490209",5.009652687112127
"201490297",6.294199341910367
"201490349",18.494596263520830
"201490479",14.445647513322415
"201490329",16.190213399985566
"201490353",15.624564391731683
"201490315",10.539696264046853
"201490417",11.461994794404639
"201490289",15.925229429361693
"201490300",26.223384701378372
"201490357",18.566392892059451
"201490683",9.818965921518489
"201490337",8.478451644193012
"201490463",7.402593010094842
"201490379",7.289664902929820
"201490309",9.709571639409850
"201490364",7.866084944835874
"201490474",16.147179289697064
"201490536",7.224671229513806
"201490354",9.537961629464265
"201491183",13.258455582265228
"201490377",8.324417793500812
"201490385",21.004186436073187
"201490704",17.822783777054457
"201490419",9.037635978640193
"201490494",7.327161103641258
"201490552",11.228667259189125
"201490635",24.025843026921557
"201490582",9.737113578571659
"201490504",10.245769781016923
"201490442",5.927389282533476
"201490405",7.581889920934436
"201490438",10.484773970064788
"201490415",4.821134644567116
"201490428",6.800138112184072
"201490481",7.974295850327934
"201490464",10.414823539323120
"201490531",6.568688239660996
"201490689",7.079309158114101
"201490502",11.042572645134266
"201490776",14.516109950186967
"201490519",6.573829885788255
"201490557",11.074296767065281
"201490517",7.112612055619002
"201490451",6.533527401381199
"201490533",6.195291384693657
"201490475",10.450172831862304
"201490528",7.847426690775498
"201490493",6.199434682561792
"201490655",8.795372526416433
"201490488",7.502903587931984
"201490512",22.390952223969766
"201490534",15.548595545071423
"201490532",6.176356296401878
"201490600",18.352067685771914
"201490510",12.259118626116368
"201490898",13.880293980767968
"201490613",9.835199135777202
"201490737",9.875351724278865
"201490622",8.911728713739658
"201490629",11.443276781178549
"201490548",19.505095055355749
"201490695",6.588396106880494
"201490751",10.318887465327446
"201490886",5.401180673679559
"201490567",8.338474546614490
"201490727",8.544223012593566
"201490636",16.463197461911996
"201490630",8.492309326959324
"201490649",26.583231747493926
"201490718",5.290323025329783
"201491252",7.113904577322353
"201490840",9.102851551763100
"201490595",4.383919449833505
"201490666",15.953767644210231
"201490647",9.183802049753671
"201490713",14.718834645571285
"201490815",8.691658637521027
"201490662",12.275713468916122
"201490861",16.018548544102188
"201490889",8.889364927389670
"201490763",8.561827421008587
"201490703",13.401000303941528
"201490672",11.507158478033654
"201490643",13.492699116127076
"201490653",14.359219467359987
"201490729",15.567328155745297
"201490699",6.005335704691191
"201490762",10.702036689825263
"201490787",10.064396076378033
"201490706",9.091194325248724
"201490912",9.121011260350745
"201490754",16.467396944344607
"201490674",22.735768759701710
"201490869",9.053186005802823
"201490785",9.333589229663543
"201490752",9.314950085692397
"201490966",16.696525575571847
"201490849",7.017515097454802
"201490719",5.413022042378363
"201490831",8.693655640727856
"201490748",10.154864360681339
"201490805",7.751469894857257
"201490933",8.448003282415135
"201490873",10.760840281490241
"201490796",17.843708068179929
"201490887",15.641889822440634
"201490790",7.208786272285892
"201490997",16.314758803998064
"201490884",19.575190008134207
"201490768",12.473223442963825
"201490848",10.122785938840963
"201490975",12.227451144391633
"201491026",14.167384253970006
"201490817",9.423792418232368
"201491031",7.701962118303782
"201490899",13.924393401664517
"201490922",13.879632771187639
"201490871",6.211315523617082
"201490950",8.836487273843817
"201490977",9.441427657542526
"201491003",21.989847827294444
"201490902",7.983549439871735
"201491151",4.506487820588236
"201490852",11.264667476132725
"201491048",9.906452347568926
"201490931",12.347494743929197
"201490962",17.174225121991277
"201490893",13.173441921302446
"201490874",14.631385892281736
"201491153",7.160633480948226
"201491285",6.308169051549954
"201490987",18.650195640681446
"201491143",6.483121750321689
"201491160",6.928276504565970
"201490956",11.795736189177793
"201491012",13.454234333909945
"201491047",11.954479769614315
"201490927",11.153741063212799
"201491009",15.308530139682754
"201490930",18.527591883780943
"201490981",9.676265668316139
"201490963",8.038402935272883
"201490979",19.069295155358652
"201490932",8.702677589633913
"201491004",20.348529554652970
"201490969",14.562291662225046
"201491066",7.787616527682291
"201491055",9.092542989709283
"201491035",14.806354361655419
"201491014",8.554550822745909
"201491073",12.603299794291260
"201491185",8.607165182731363
"201491019",9.194601658282249
"201491011",8.409506883408447
"201490992",16.406458631039339
"201491090",12.146076187593927
"201491161",13.996133367606205
"201491172",6.760543801283807
"201491115",18.966809369386230
"201491342",6.568138312525217
"201491225",13.782731242756817
"201491269",9.784350568174169
"201491428",9.146654947893746
"201491159",5.529077790820839
"201491297",24.253089196836886
"201491353",11.906881853925645
"201491395",17.137143237815561
"201491469",4.732787027533510
"201491264",29.646330220884650
"201491281",8.591194557122876
"201491424",10.859700553832443
"201491155",6.795248766506419
"201491265",21.718408572402335
"201491255",6.047607662373361
"201491329",13.366257910730093
"201491592",12.208840825007940
"201491201",19.721213164873745
"201491381",13.319634404897736
"201491213",16.173742036075812
"201491359",9.495170604903315
"201491349",8.628029017139882
"201491291",15.206243487673456
"201491385",5.258539309128810
"201491345",11.161718173731792
"201491434",8.066243418356450
"201491357",13.504687573676982
"201491415",8.502695046193370
"201491470",4.560701872161786
"201491330",8.704518613461174
"201491398",15.089315562760113
"201491541",11.641002793479524
"201491547",13.825221273927468
"201491334",12.437573804885048
"201491407",8.431709680261362
"201491712",6.930627819312231
"201491479",8.120213910743178
"201491459",7.087504528497584
"201491382",10.974312714408686
"201491361",11.520119448703719
"201491458",8.835811606445677
"201491442",13.372494588432009
"201491422",10.090425782501825
"201491505",6.642261438399585
"201491674",7.614790212713515
"201491587",8.207042979924983
"201491692",7.950154394591782
"201491586",8.258056876821835
"201491452",5.549989224729472
"201491438",19.703925816667969
"201491503",11.678829741825023
"201491666",9.958748788539772
"201491506",9.456427577669684
"201491393",16.310195993925209
"201491410",24.411211821984985
"201491550",12.784160091008758
"201491511",8.266766550099247
"201491564",19.836999777440763
"201491460",8.730211931284318
"201491453",10.092424239965808
"201491508",12.273360499693386
"201491487",18.085193329335105
"201491446",18.514347916665805
"201491449",20.976983154099123
"201491571",16.392254785652746
"201491517",16.050805592838628
"201491557",5.733821958077685
"201491478",10.547413309010697
"201491685",8.283657693295154
"201491476",9.504929888343700
"201491719",17.888342007609101
"201491828",6.411993536744398
"201491559",8.319581285598062
"201491607",13.231783754386456
"201491731",13.854619242634167
"201491633",33.990084406768524
"201491585",13.664952674388388
"201491526",26.705867244670198
"201491539",18.078071707344161
"201491705",14.370715455660669
"201491735",6.176579877537859
"201491614",14.732041310984382
"201491588",12.264127217294886
"201491722",11.701959874434570
"201491962",11.953318102760633
"201491624",7.608596642871067
"201491626",7.009991790706572
"201491946",11.772470144412761
"201491714",9.129075506842812
"201491596",16.760073473530483
"201491743",8.878798380382097
"201491630",8.199929991013111
"201491628",11.038285180162962
"201491668",14.163631431464667
"201491691",18.541634730031323
"201491684",12.462636444648227
"201491654",15.041701204098041
"201491618",10.344830579691713
"201491857",11.042870925839566
"201491634",8.300433627211602
"201491858",8.957973672053990
"201491636",12.626386251124135
"201491663",13.391219398058380
"201491670",15.611986745549098
"201491841",9.775883634408563
"201491825",28.640254031601405
"201491701",12.011072178293050
"201491669",8.640024170948315
"201491709",17.490371397831449
"201491966",27.872076229122264
"201491672",10.293925630675245
"201491706",16.212857911868678
"201492014",24.883338483193075
"201491765",7.971342819082651
"201491768",13.099526693010709
"201491736",17.420087391374128
"201491884",20.276193754978145
"201491761",10.688251911130648
"201492068",9.270681913119498
"201492066",15.835615077559785
"201491738",15.845604404845608
"201491723",12.131814422590843
"201491725",13.510253607004486
"201491995",9.755668013898420
"201491795",7.576148304009809
"201491820",9.873866988011301
"201491879",15.513536068593007
"201491871",3.625537347098373
"201491823",7.402048660342356
"201491866",8.974543200785694
"201491902",7.710980651200500
"201491867",9.154474880934416
"201491831",9.979633413512383
"201492007",14.040458809476430
"201491920",11.758823466585723
"201491814",7.248270300061473
"201491832",12.097898278245450
"201491941",9.968476767601576
"201492067",11.362172080639217
"201491824",14.047458689482520
"201491881",7.326622305339860
"201491900",4.653715112237110
"201492096",13.386061874258489
"201491840",18.682084896562486
"201492034",11.471186364939502
"201491889",12.987271462524580
"201492098",11.640333858964516
"201492019",15.334903860250556
"201492161",11.579067578470392
"201491983",11.003174943088574
"201491945",8.270197456842142
"201491936",16.795301172178533
"201491996",8.682620144232734
"201491935",7.346212643965576
"201492049",24.425859243356587
"201491943",22.954400301561410
"201492352",11.394164837292243
"201492016",5.533227219520224
"201491928",9.396909061658350
"201491992",13.092944276370538
"201492040",10.569763587615023
"201492119",13.337167590500245
"201491947",12.347588884207108
"201491957",12.970523420594228
"201492140",18.556326654908027
"201492072",26.856546379926879
"201491993",13.654172591941622
"201492118",6.399444264718348
"201492189",12.419920112435754
"201491973",11.383036874707811
"201491977",9.747846390691850
"201492092",10.392601673302897
"201492278",10.296358132741855
"201492056",15.431344750825078
"201492065",16.920989529406636
"201492209",13.204476103641310
"201492021",7.220632949732470
"201492102",13.090337136280095
"201492062",7.347014020531203
"201492057",9.991169441771357
"201492239",6.991133082479912
"201492073",9.901030080448614
"201492179",16.189083079998724
"201492176",9.804101614872330
"201492051",6.705489495818791
"201492293",6.996489040530740
"201492345",14.952712773567436
"201492240",13.231733734057618
"201492094",11.919877741722690
"201492270",12.008674960104212
"201492093",10.447740044278804
"201492104",12.652520991570558
"201492082",6.971393529069742
"201492103",20.037714026429956
"201492221",20.445691527410897
"201492292",11.500890090689564
"201492186",13.342237321043957
"201492401",9.740814506409494
"201492317",11.132999420919608
"201492502",14.612460294927622
"201492383",7.136230038090996
"201492236",13.985297072833056
"201492187",8.501470691462044
"201492255",5.764407756159544
"201492351",10.348237392820161
"201492242",9.031159165044560
"201492283",12.940144051414631
"201492413",7.228796183242435
"201492561",13.469235629504562
"201492503",7.074081628438750
"201492298",7.219569251901319
"201492181",11.246685095477657
"201492324",13.029968462012695
"201492321",14.692682596489783
"201492183",14.054578614787038
"201492318",11.377536845572804
"201492329",30.186431236011551
"201492214",14.413455467447665
"201492252",10.329868743365262
"201492403",9.637687945412450
"201492206",11.839216920521316
"201492328",21.743395330242311
"201492291",19.002394111494969
"201492280",14.532506023792280
"201492398",7.062214048761294
"201492379",10.538055752557304
"201492296",22.812890337877032
"201492287",11.218995684553134
"201492436",13.422220144332304
"201492507",13.522928124458424
"201492417",13.256252885988189
"201492525",14.350409093587301
"201492327",10.351625518351666
"201492384",12.672455080624090
"201492556",12.766693561355027
"201492279",12.088137862498554
"201492665",10.779228711183176
"201492400",11.334722769143537
"201492299",8.218518239345775
"201492397",14.824999179451787
"201492432",13.173558198999087
"201492319",7.556747228431704
"201492414",7.835304003769468
"201492480",12.420388238316415
"201492451",10.744467387085244
"201492335",12.174316286471695
"201492524",13.345921757653095
"201492438",25.049881823726203
"201492447",14.613505370976888
"201492372",25.867015843750107
"201492341",31.409427613510196
"201492374",9.578479392553653
"201492616",11.605845534575474
"201492360",9.949752728833554
"201492476",13.611879943371429
"201492973",8.326842710970810
"201492693",10.210016219574690
"201492644",12.542377863218681
"201492428",17.693559547195129
"201492431",11.223473989517226
"201492600",6.329405330193618
"201492488",10.815457881883564
"201492516",8.972779992462371
"201492423",7.417413880377610
"201492472",12.190987591472600
"201492404",8.397826773197600
"201492648",10.122754345295560
"201492448",21.424241712461303
"201492498",9.578499995852479
"201492519",6.113778733500948
"201492651",9.308631004924944
"201492637",10.560182796291706
"201492554",6.408162492639993
"201492465",6.596326020627938
"201492647",6.314323294538800
"201492470",8.972725551783110
"201492536",26.873683942795289
"201492461",18.829433635241937
"201492601",9.610347396944851
"201492477",12.268258539158593
"201492497",17.471162564793683
"201492627",11.675254575564027
"201492670",7.786226770032973
"201492541",17.976995077740959
"201492710",10.610816805087902
"201492631",8.283961877682041
"201492557",19.473702022202289
"201492640",12.096692731077917
"201492620",10.880155082010901
"201492526",18.044299357453678
"201492605",17.587513539407617
"201492560",9.552444954264216
"201492611",14.990370734246071
"201492630",7.067677948862778
"201492575",5.637421101423088
"201492706",9.145703848354838
"201492562",9.987897417981070
"201492613",8.297089745462198
"201492679",19.029928869657979
"201492708",5.750169350521498
"201492654",12.038882249522509
"201492834",8.572204745828156
"201492811",9.962420366247642
"201492641",12.724347115526907
"201492774",17.353555132362551
"201492618",16.631442261010051
"201492741",11.188567554602765
"201492743",10.578114662995530
"201492824",10.414875126335435
"201492694",11.921988398616776
"201492753",15.065209202986994
"201492773",21.752868847268996
"201492991",12.074897294013914
"201492736",6.573745026859749
"201492810",13.662744756794375
"201492658",10.334752369429408
"201493069",7.324185074957277
"201492712",9.572941647540640
"201492977",8.074048947805410
"201492792",10.310607658974540
"201492935",11.880630245022946
"201492718",7.524745592610366
"201493109",28.392605226886161
"201492675",19.438281886431170
"201492784",18.949949999361934
"201492740",7.447830849826505
"201492799",8.011320802520004
"201492701",4.377903523382835
"201492823",9.571475129272454
"201492941",12.555529496736545
"201492910",10.086060354826248
"201492903",11.020977297371140
"201492833",8.092849166417768
"201492749",6.701819350120430
"201492766",10.372027415463421
"201492892",11.792503781282283
"201492783",30.150612917727727
"201492913",9.085077635398415
"201492800",8.458164040485455
"201492779",9.932509487074391
"201493205",11.074817985637896
"201492869",11.224892613355278
"201492832",6.569228676901720
"201492855",6.223022318965219
"201493041",13.424047027235153
"201492868",6.401960998782955
"201492867",13.583471059671728
"201492858",12.164392762966644
"201493005",9.760144398308928
"201492897",10.330974549127973
"201492951",23.910076511175738
"201492873",7.953819563173282
"201492947",11.410523805894146
"201492955",14.667745838349035
"201493094",6.136382158928167
"201492863",16.934074958683702
"201492965",6.141928761209494
"201493238",8.282139318693556
"201492931",16.509041051096986
"201492962",10.691740908210232
"201492993",9.508568962061290
"201493104",16.023885242359224
"201493179",8.895033530549128
"201493051",13.057421706019294
"201493046",9.457110568568007
"201493110",17.485367978844579
"201493116",14.079335878662338
"201493085",9.680914938514663
"201492952",10.437493327105749
"201493129",13.765738403381850
"201492944",20.676679321788306
"201492953",9.858130302092089
"201492956",10.804514115279073
"201492970",9.771398690965189
"201493025",6.801118191403106
"201493208",10.758384783029326
"201493112",9.874474563597591
"201492974",19.597923469508025
"201493088",17.828398413937446
"201493133",11.077630161904690
"201493171",15.125870656023787
"201492972",7.811553386065027
"201493210",7.921130155699768
"201493039",18.742654095742616
"201493245",6.284460337282042
"201493066",8.940846835097897
"201492992",10.727971532551784
"201493101",9.467233239859711
"201493232",9.885750793321950
"201493036",9.409781870769754
"201493162",6.309907358930551
"201493028",5.293109213181826
"201493035",5.814223866829140
"201493135",24.198179209807517
"201493040",7.362322816266746
"201493590",12.500779573177788
"201493191",6.198618932960081
"201493084",13.860337422771085
"201493198",15.173160911582242
"201493155",9.797274579426992
"201493062",13.646003158865133
"201493122",13.507047802102115
"201493382",15.005619105580823
"201493103",18.606397398478560
"201493226",6.678162816611734
"201493136",9.480097161816898
"201493244",16.296675523092077
"201493154",11.131066179682447
"201493096",11.676108626933967
"201493196",23.352959797515812
"201493173",12.261075323732685
"201493153",10.179654873250390
"201493455",12.682592863869782
"201493143",12.679001453189620
"201493175",16.579893565150648
"201493126",15.060877499388891
"201493290",8.686137253863905
"201493300",17.685486103631785
"201493246",15.024121080391195
"201493324",17.586651053287952
"201493180",8.620846127835424
"201493549",20.261655190231775
"201493326",6.721035680662169
"201493314",14.800771142084157
"201493407",20.989547738372369
"201493308",14.962546711051042
"201493247",17.530373739730937
"201493218",7.109091263884100
"201493214",17.588487710486916
"201493262",5.640167438346016
"201493580",14.175917075829565
"201493424",9.322110856974771
"201493243",11.351110747801760
"201493325",11.024225164946611
"201493640",12.173874516484817
"201493237",10.242020992367260
"201493365",7.050513095007712
"201493403",9.066595753003933
"201493234",9.906880880299502
"201493273",14.669459209815340
"201493389",10.518754998796988
"201493343",20.746879880191326
"201493288",18.860807729554143
"201493315",12.509746465772409
"201493264",20.377089115459547
"201493355",12.432593191393099
"201493277",11.280366462985754
"201493328",7.677482459183212
"201493460",16.338383679226279
"201493654",9.231689843192587
"201493364",16.489375176579696
"201493641",13.241243994141055
"201493350",20.549669373061441
"201493362",15.420562778275672
"201493468",8.051938929910591
"201493522",13.291023607600001
"201493477",11.822665680672328
"201493353",17.710778600888311
"201493447",32.374862158705369
"201493475",11.549289844236956
"201493560",20.070334303554681
"201493422",13.464885851368889
"201493639",10.148703108855035
"201493398",20.879379543564578
"201493383",10.605939117545992
"201493624",9.902291570847289
"201493423",7.001882598809237
"201493421",22.181192786383249
"201493435",21.164824476747985
"201493417",12.457135325194621
"201493453",17.913077401805499
"201493577",13.662465760479114
"201493419",10.091890717390184
"201493527",9.124598498501975
"201493443",12.448310870683516
"201493599",13.732525366162809
"201493498",11.665903208778959
"201493770",7.958170425049947
"201493817",11.791393422056876
"201493440",20.926093009678610
"201493642",13.568332146146989
"201493450",8.561372949203705
"201493533",10.272389913469723
"201493559",23.864056006393529
"201493578",12.242745393665922
"201493623",12.467125278822975
"201493550",21.319557772247869
"201493684",9.983133062545312
"201493528",14.382367786783609
"201493612",34.705891564418707
"201493518",11.409474179189196
"201493671",9.442016717670876
"201493547",7.864442638352036
"201493626",9.557787630155634
"201493646",11.027458314767221
"201493592",8.629826923822463
"201493690",8.046075707988905
"201493584",11.447793448529278
"201493655",8.744397788327708
"201493717",9.054026763504909
"201493735",25.173255418025349
"201493705",7.720427438919259
"201493758",18.731847749666009
"201493812",6.628568136224904
"201493744",8.037190974379920
"201493939",9.759627698677876
"201493647",12.615852684378906
"201493759",13.762195086251101
"201493631",15.267501121322917
"201493737",10.482465825000443
"201493772",8.932163607893170
"201493724",12.293894180342766
"201493681",23.882583650961553
"201493663",15.801397791062632
"201493741",15.630959455990013
"201493689",9.056022785819740
"201493799",10.062382040157187
"201493984",13.148079693828066
"201493694",12.546379473457417
"201493868",19.414885352326547
"201493742",9.313703030091849
"201493722",11.864085214858733
"201493835",9.263159749513504
"201493906",23.241783653446813
"201494115",18.893707203429340
"201493822",13.113799389666772
"201493801",14.579796336435912
"201493826",11.926304955750686
"201493818",15.907263739916427
"201493933",16.059883971334870
"201493840",6.693149391896729
"201493846",12.036243039931998
"201493819",16.105194442328575
"201493955",14.097402351341788
"201493892",10.097882005690050
"201493746",7.662685756898934
"201493841",11.130084124190553
"201493809",8.687476311540124
"201493867",18.065285250701290
"201493842",9.363791192153203
"201493961",20.989014319742900
"201493797",15.850597094207926
"201493838",9.464293549104619
"201493813",7.089276059122049
"201493830",12.964550312813493
"201493911",9.363396768572496
"201493891",6.542478719518057
"201493886",15.513784658415165
"201494221",17.666394029246419
"201493928",14.006682722187671
"201493857",22.509608947139547
"201493900",11.490116343129060
"201493885",6.113133011385755
"201494065",11.850981306276903
"201493938",13.758142685218820
"201493878",8.730225354120458
"201493966",9.171517812249652
"201493839",16.420511123271421
"201493990",16.448552337262853
"201493853",9.936353182787522
"201494246",10.254278418881539
"201493902",11.833845248128975
"201493944",11.253271344161922
"201493893",17.285318842512371
"201494028",20.992171622086147
"201494040",9.337079437315182
"201493949",7.971131998033239
"201493910",18.972523583751432
"201493924",12.413502148880710
"201494222",19.053113776112450
"201494303",7.864405769112711
"201494048",17.428780791016642
"201494078",8.998397058209532
"201494189",11.724223735966694
"201493991",11.168042780263084
"201493952",7.115670452494295
"201494055",10.046648623106703
"201494223",14.485758309627332
"201494097",11.682331320854077
"201494064",14.319932745526302
"201493980",7.677169668254140
"201494038",6.500723256913975
"201494132",12.988732221183581
"201494105",14.676183156112753
"201494013",10.312390962548488
"201494035",18.551027496946951
"201494148",8.576657067578589
"201494495",8.521070089533097
"201494075",8.631196083010234
"201494161",10.985161794056710
"201494164",11.445181906244029
"201494207",7.873728740924545
"201494098",7.598068970503708
"201494128",9.267462557376406
"201494120",10.486111014197659
"201494113",11.309045049118859
"201494139",22.191217965558845
"201494095",11.249078061913664
"201494092",7.590738455555915
"201494270",11.735926470385058
"201494104",16.933613124773274
"201494100",8.929822595905250
"201494107",16.857517596469300
"201494237",12.493813288175669
"201494114",11.751441381142788
"201494328",10.594104569675300
"201494119",10.895373260844218
"201494213",14.459236889412479
"201494306",11.216160345299624
"201494347",10.872993582714299
"201494232",15.892416366697347
"201494202",9.282426139409957
"201494106",14.381541631871741
"201494271",9.445805412697231
"201494154",13.142937873995278
"201494127",15.452454817074928
"201494151",12.097784016736936
"201494218",14.938766020134956
"201494334",13.558183373475702
"201494359",16.926454757105702
"201494184",10.326582831699030
"201494274",13.552487709863488
"201494376",9.745261383820214
"201494283",20.164314880004060
"201494272",13.679540210129415
"201494170",14.150755608787822
"201494249",10.182483706516948
"201494194",13.337106400915285
"201494244",27.152730006578867
"201494209",11.367353517985823
"201494462",10.249864894162803
"201494369",18.512194796648366
"201494300",13.081999106479184
"201494241",19.921604931999028
"201494593",14.145012251677626
"201494373",14.750825710791180
"201494436",12.467177207842806
"201494284",12.876611541161557
"201494348",19.893854899809803
"201494351",15.584057476018696
"201494771",12.492170248903369
"201494530",16.486627150379181
"201494277",15.049385618353400
"201494575",9.969508520419913
"201494387",13.074044491378720
"201494712",11.491941399967832
"201494339",7.083667664263096
"201494349",8.468592682063960
"201494297",15.129101649385248
"201494372",12.393953600284172
"201494330",11.221340789657285
"201494614",13.653384824613349
"201494416",10.241419789380585
"201494534",15.939087725133074
"201494497",13.583963486520261
"201494368",10.210544364710190
"201494419",9.466219024759534
"201494469",17.080817735614971
"201494380",15.239258211808142
"201494405",21.896448772404220
"201494360",7.896509765829644
"201494594",16.378293696138350
"201494402",12.867757173415972
"201494464",20.571226199098742
"201494426",13.583792899264255
"201494512",13.538202489495951
"201494476",10.882288195843834
"201494428",18.256673318703612
"201494417",15.932661654049442
"201494587",9.850099991073954
"201494429",10.611624451399262
"201494448",14.071313878928494
"201494483",9.327588624298480
"201494793",14.862427352394631
"201494431",12.619795182577132
"201494728",15.492368774291405
"201494567",11.159655980547727
"201494447",5.993864533925566
"201494535",12.045993601906032
"201494463",15.996842451585726
"201494475",10.158466648048392
"201494688",22.009856135827409
"201494472",20.654344212097911
"201494496",11.753793938324547
"201494453",12.933122933342737
"201494485",15.765984675203905
"201494449",11.064908782087846
"201494460",16.164527125023458
"201494473",13.643801379130185
"201494459",20.261113304917458
"201494579",22.880875395363947
"201494602",15.463629725400827
"201494501",12.682239166481565
"201494576",10.595206085661070
"201494616",13.448751898766197
"201494833",17.470481660538852
"201494563",14.981685591162641
"201494609",10.257598362535699
"201494520",19.055927201535976
"201494562",14.319403960589691
"201494829",12.279681480591981
"201494547",17.977785621367719
"201494550",13.495565374012047
"201494574",11.148757681092516
"201494632",15.615009099051665
"201494591",18.276617212258568
"201494570",11.349168895672415
"201494683",19.661018087617091
"201494660",10.746593317404386
"201494722",15.923101800754793
"201494656",7.028904619743405
"201494665",10.131539876417417
"201494600",10.592080850885326
"201494866",12.690065874311484
"201494599",6.924398051365333
"201494702",15.082189713381721
"201494678",23.486843546314208
"201494629",11.749606599442160
"201494679",17.601526717295407
"201494590",21.081679319589895
"201494586",16.541976355961513
"201494673",19.178283437456088
"201494588",17.929280160712942
"201494693",10.966822424579036
"201494691",17.140848945037941
"201494710",21.185080409204648
"201494633",8.241106784488135
"201494759",9.249227358332178
"201494649",11.795202737271351
"201494671",16.926675705718491
"201494747",17.177607276683133
"201494782",11.758684103011682
"201494645",13.470185339634845
"201494724",8.167791503636867
"201494881",16.058335188669719
"201494648",11.966409483981309
"201494734",18.004555280847168
"201494794",9.828091154844586
"201494654",7.761254183572989
"201494659",14.751825180505980
"201494764",10.536270428345018
"201494875",17.269826159381040
"201494735",14.102350072848310
"201494779",17.729880460252293
"201494699",18.650280797677180
"201494746",18.276573194661292
"201494732",22.286669764200283
"201494740",6.647878696237510
"201494751",8.562923810560752
"201494886",9.956527062080248
"201494733",14.054411011864598
"201494741",6.239249592473324
"201494892",10.043923493494328
"201494750",19.343959019784666
"201494772",12.285230404614262
"201494861",10.931277866126251
"201494845",7.760272863523563
"201494752",11.280162984601459
"201494827",14.807813277469730
"201494832",17.004014338579168
"201494769",13.306856463158484
"201494780",8.515013961743925
"201494977",14.075595977727223
"201494896",10.397166142398715
"201494812",12.274545185633039
"201494900",11.749321025895680
"201494802",16.860660234717766
"201494788",11.922416107863963
"201494798",13.357538689680636
"201494864",6.463760508685305
"201494809",14.341269092955768
"201494853",13.155272649972927
"201494894",16.970293657239353
"201495016",9.555861296743776
"201494978",7.978792072713399
"201494835",17.312884137418248
"201494942",12.423066998165002
"201494966",20.609161967992250
"201495007",19.419019111031371
"201494968",16.808359946921101
"201494830",12.299191985210593
"201494840",19.127403034091866
"201494999",16.974254097654523
"201494878",9.156451445761691
"201494879",17.221712937604774
"201494888",17.879887108721114
"201494899",11.281213188340486
"201495005",15.265769560036945
"201495045",10.592290984931648
"201494973",15.200295933729015
"201494936",13.904328463484889
"201495036",13.675832891291668
"201494901",15.473524479555223
"201494953",16.692535297976320
"201494989",9.813384881680154
"201494976",7.953352548169638
"201495134",14.314382509181444
"201494965",23.454065527277372
"201495110",13.503121053194336
"201495220",9.929323835066432
"201494957",8.451216643052041
"201494961",15.476448663051588
"201495118",9.161267275651847
"201495012",12.368612420874353
"201495006",15.774672408225754
"201495032",15.473285551494703
"201495002",16.131892129714668
"201495068",13.411188643640065
"201495001",13.147079226818541
"201495052",19.849991718013111
"201495041",17.707347499671506
"201494985",12.727257100825714
"201495161",17.400990426292051
"201495065",15.959288028620888
"201495063",14.049546784952762
"201495034",13.794229186253382
"201495033",10.357994094346317
"201495008",14.668566588603129
"201495018",11.339275079780078
"201495174",11.441902303665564
"201495026",7.500470224737550
"201495090",15.286721762847067
"201495115",10.869320932412059
"201495040",16.900029415105994
"201495104",18.062351559606576
"201495206",9.080885456408096
"201495170",15.788841534371512
"201495083",13.840491529000580
"201495069",10.406739924282560
"201495157",16.075693776705158
"201495076",9.565882790925487
"201495184",7.877985360923529
"201495129",15.938643904828405
"201495100",12.509353670839957
"201495214",15.462604001500164
"201495141",18.385217681096986
"201495124",17.700896516693209
"201495333",16.378622913422308
"201495187",9.742879978798552
"201495150",14.288939242509175
"201495248",7.273314881013373
"201495156",18.784018294337237
"201495523",11.672262715820491
"201495224",15.508605686654017
"201495305",9.386144458229353
"201495253",12.691300771941737
"201495255",13.002156078775792
"201495280",11.906123667289563
"201495259",16.061293890105528
"201495216",13.800425946505595
"201495250",5.978691345352376
"201495357",10.662670205727286
"201495294",11.373296134433071
"201495315",9.519657829529413
"201495246",22.478514180480730
"201495273",15.141643334048750
"201495354",15.969962614086828
"201495346",15.403319900662776
"201495395",10.950239664048514
"201495293",6.856979414827538
"201495251",16.457944157354525
"201495358",8.726809641803248
"201495256",9.166234977922384
"201495470",12.360572694605876
"201495347",12.695818930476854
"201495457",22.374957534600664
"201495297",17.643589261873135
"201495290",14.968501466008137
"201495331",14.928517068768029
"201495462",9.208840751303820
"201495432",13.965042344460034
"201495322",21.915014940279161
"201495433",17.966670010229009
"201495384",14.185668429969025
"201495380",14.136462195035600
"201495619",11.157522666575137
"201495387",15.356392050561340
"201495378",13.721566579525316
"201495444",13.365787824800677
"201495396",16.884129937001060
"201495683",14.508772051864485
"201495381",10.877599477767944
"201495464",9.737659534350179
"201495414",17.526075164262924
"201495405",10.249069746744119
"201495404",17.478241203304989
"201495513",19.239342350913894
"201495579",15.413857391374970
"201495510",14.872271649767402
"201495417",35.296697220907966
"201495463",10.966014295929133
"201495408",10.854515646770569
"201495483",13.138632536318685
"201495502",30.381770533569885
"201495451",7.337433920287977
"201495503",20.446303900093412
"201495480",9.954560687964790
"201495452",7.020672896131510
"201495604",13.585861727715768
"201495472",11.747638480599818
"201495550",14.604320618435812
"201495465",16.429811560897363
"201495535",22.464419679856828
"201495651",12.404341942003215
"201495669",10.752720867465177
"201495479",17.511085270355458
"201495481",9.858464284879172
"201495719",9.802354015369120
"201495507",5.228510740035652
"201495578",17.199867499186976
"201495797",10.412425133561763
"201495840",11.041011897197542
"201495520",17.470958370656277
"201495586",12.542549452540914
"201495637",20.131052531660188
"201495606",11.356106056732672
"201495577",27.255991931281212
"201495621",10.929673496347958
"201495568",21.043740581545933
"201495581",12.632464137107142
"201495595",16.839025521632696
"201495573",9.831453183515045
"201495588",18.676898026456666
"201495679",14.871941974199039
"201495594",17.017586538877254
"201495597",16.884446937236245
"201495824",11.510403006416174
"201495755",10.568988787302828
"201495677",12.834442434943110
"201495688",11.600617832389553
"201495721",9.714521346598437
"201495739",12.958178334214914
"201495828",12.520544437422416
"201495703",19.264690027631246
"201495711",10.433313531954949
"201495720",13.002635209455729
"201495741",16.349225983563262
"201495874",8.066133307389203
"201495646",18.056895428236238
"201495672",10.081546808672650
"201495805",20.255094539275607
"201495684",9.405049394481807
"201495678",14.638637847144791
"201495855",10.527780142902371
"201495725",18.428207456815834
"201495761",11.441816548243267
"201495796",11.401681036430745
"201495834",18.068694744803306
"201495803",10.624545605825112
"201495731",11.975207564246618
"201495835",10.503048756862055
"201495778",10.250738994024095
"201495851",9.995220684832022
"201495759",12.331591382277910
"201495770",12.059110843150583
"201495843",5.554472691082921
"201495754",13.902525548443666
"201495865",12.882522499881439
"201495814",10.831755521148368
"201495947",12.577849500036310
"201495859",9.807177791662140
"201495782",9.821169641239022
"201495881",22.172772285620116
"201495910",7.390553188876579
"201495946",14.714646017289137
"201495854",7.543497790705246
"201495872",14.167112359350032
"201495942",21.094913232002792
"201495858",10.667015376159588
"201495889",16.314251698134274
"201495833",14.444824497436244
"201495871",15.983628684590743
"201495968",11.943406419534771
"201495928",8.239934815007675
"201495941",19.312666787103588
"201495956",16.383979340490569
"201496015",9.056565854934513
"201495997",12.232464783161950
"201496081",12.306048533158334
"201495886",17.772988486255038
"201495883",10.794151440928562
"201495920",19.300724195612496
"201495894",15.250043042128517
"201496019",21.375660340516461
"201495939",18.870547108453380
"201495954",12.047831549149723
"201496069",17.039835562370261
"201495993",19.442566037738885
"201496076",22.864933827415253
"201495985",9.740079670360750
"201496000",12.823068508564450
"201496115",10.736624736493145
"201496073",17.571925494319750
"201495994",11.323024244636841
"201496048",12.445134743343747
"201496034",10.482345631155214
"201496016",14.987444644948727
"201496101",13.504330216266563
"201496102",14.116804684599494
"201496027",15.421289958786453
"201496032",16.707032043886940
"201496055",20.667935268150302
"201496121",9.012508794334861
"201496074",6.040217825836562
"201496071",17.179608048007921
"201496066",12.108616361682667
"201496177",14.140140107206589
"201496167",15.922810664921355
"201496165",13.542163111284813
"201496124",14.765408554466692
"201496082",16.026502135800165
"201496123",16.052374982073367
"201496182",15.471105745537317
"201496201",16.623530561739681
"201496206",11.299320307813350
"201496172",7.296482885549255
"201496193",16.205991493243307
"201496116",27.611514427641577
"201496190",14.932466459539773
"201496348",12.055756770509690
"201496146",16.973755159746716
"201496261",14.572461121748340
"201496156",20.240765638047229
"201496158",13.070382317655486
"201496352",15.026606294567761
"201496166",18.090597845151770
"201496256",8.469140738989870
"201496217",10.479676546025223
"201496287",12.184449729207671
"201496202",9.428890956389676
"201496199",15.423768915721865
"201496249",7.810168972034949
"201496273",14.218286913165230
"201496245",16.841070218490096
"201496226",12.112458120316752
"201496341",7.962009622629401
"201496262",15.886373983937881
"201496255",15.523247156130280
"201496252",12.756180187612342
"201496288",14.146829539898290
"201496257",14.287018101955629
"201496297",17.861612111093024
"201496267",13.610125597709729
"201496286",7.364560402780610
"201496358",15.072455724081349
"201496298",12.781777888786191
"201496300",19.978161003884534
"201496333",12.568564614235131
"201496374",11.278803702485781
"201496305",8.873463882874900
"201496324",12.002603843264149
"201496335",14.440863846946163
"201496455",9.001197739796334
"201496385",14.096627530980617
"201496419",14.537587172796192
"201496438",13.615211734434061
"201496389",7.217165534702246
"201496531",7.463042034818383
"201496428",19.930164422699047
"201496518",13.343913826943254
"201496420",9.708522934519078
"201496424",12.124878610004700
"201496453",9.142509003893316
"201496482",9.364538034803825
"201496426",17.499994585718174
"201496434",8.330596016888702
"201496461",15.051544654198080
"201496473",13.923039364839314
"201496478",10.486399734372871
"201496541",18.845773450497724
"201496471",8.013140850586989
"201496485",10.068436696817804
"201496532",9.508516382026878
"201496498",8.820002008097200
"201496520",10.262234113293257
"201496529",13.402941376761204
"201496574",18.773276880111055
"201496555",14.675431638529801
"201496537",15.073951552611961
"201496596",9.609868998189587
"201496625",15.913652849271354
"201496591",11.362517538880150
"201496577",14.939727070337781
"201496655",11.938874885827063
"201496637",10.056978976821236
"201496584",15.675373340197742
"201496620",12.662622764248241
"201496612",12.576291377761320
"201496607",16.561723310870221
"201496597",17.168860309086007
"201496599",8.951046240673469
"201496624",14.908927851449631
"201496698",6.343927085500783
"201496686",15.184018499339787
"201496633",16.886251440881960
"201496717",9.921947471200083
"201496681",13.560634761892166
"201496647",14.268474733154113
"201496629",12.568014349189914
"201496642",14.995428263829952
"201496673",16.695487144029006
"201496694",11.878812810804401
"201496652",12.324861656188613
"201496700",12.152165955367485
"201496671",11.679264838328388
"201496718",12.772748190659696
"201496705",9.395757043602524
"201496778",10.137384478631191
"201496754",9.281529078554577
"201496713",15.438686183100717
"201496750",18.959363995151065
"201496739",10.860115787871987
"201496765",15.376785322465990
"201496735",13.515783676223428
"201496741",13.204719325992350
"201496745",6.716739006029653
"201496747",15.481918587070082
"201496756",18.993305586355870
"201496766",17.882629212084595
"201496770",9.735161742183475
"201496803",15.940803899373700
"201496760",17.954509121573285
"201496793",8.752498300095311
"201496832",20.596339511178574
"201496783",19.088746179971153
"201496776",11.978149722632754
"201496795",7.890014136488288
"201496828",12.309377310129024
"201496789",15.062139090902571
"201496825",14.015493887590416
"201496817",7.989622840220629
"201496800",9.371504737294023
"201496822",13.044698550765473
"201496904",11.637387229766134
"201496831",14.474390508484710
"201496871",7.881877367161596
"201496896",13.911116014572189
"201496872",13.161037364160284
"201496888",9.235127027324264
"201496877",13.900014106541972
"201496890",11.925696830972893
"201496879",10.978885456413902
"201496880",9.148107685049210
"201496907",7.584853707357979
"201496970",8.557819781975750
"201496901",10.878212248312469
"201496927",10.822828997625544
"201496918",11.646293563844608
"201496923",9.275804878840063
"201496934",8.883969096785018
"201496921",13.018402505147895
"201496948",11.733190748155636
"201496951",11.869177692749204
"201496962",12.996010355801369
"201496958",6.463805406651572
"201496996",11.999488546656915
"201497025",9.019004302276644
"201496993",11.264034169993277
"201497005",11.219780307530884
"201497051",13.998312351045053
"201497038",8.056756569496754
"201497034",10.569875787833897
"201497045",11.103196856068507
"201497030",8.704406941280444
"201497080",9.164373544974486
"201497050",14.125733887076153
"201497061",11.830978177187086
"201497068",11.615173370576960
"201497140",10.908340810994714
"201497095",14.961456090071879
"201497129",10.476510479444194
"201497192",8.949091271749653
"201497117",7.457434033859422
"201497107",5.802216461571780
"201497139",8.361424076461091
"201497167",12.326481570655176
"201497182",17.015056413767468
"201497150",8.820749302219550
"201497168",7.928785726162490
"201497164",11.003022886113666
"201497178",10.532119609665289
"201497194",13.885827702817055
"201497193",11.097541349131939
"201497204",10.169750970465920
"201497213",13.969960207677209
"201497229",13.903675365604123
"201497218",15.733166443980503
"201497230",15.523902424257276
"201497249",14.868741107544540
"201497242",12.019606257355903
"201497248",16.003205346639888
"201494455",10.088108174885718
"201494538",7.250627627033400
"201494837",9.390682082385563
"201494848",8.323106520639081
"201494955",7.480813645891612
"201495455",10.771680450905798
"201495162",8.486718805009909
"201495177",6.583659651436811
"201495529",10.370607939155795
"201496707",7.679641652565232
"201496858",6.149031638331866
"201497232",8.170552099376161
"201497254",11.329828677564175
"201497247",6.571098764114907
